City,SO2,NOx,RSPM,AQI
Vasai,36,76,185,157
Vasai,46,81,143,129
Vasai,36,80,183,155
Vasai,40,72,191,161
Vasai,20,69,147,131
Vasai,17,71,163,142
Vasai,19,49,149,133
Vasai,41,71,114,109
Vasai,25,53,113,109
Vasai,27,37,144,129
Vasai,26,52,148,132
Vasai,18,37,155,137
Vasai,18,39,206,171
Vasai,18,84,199,166
Vasai,18,53,225,183
Vasai,17,41,251,201
Vasai,18,60,209,173
Vasai,20,50,145,130
Vasai,18,85,119,113
Vasai,21,52,130,120
Vasai,24,78,126,117
Vasai,24,59,113,109
Vasai,27,33,83,83
Vasai,31,41,95,95
Vasai,34,53,105,103
Vasai,20,28,116,111
Vasai,19,36,134,123
Vasai,19,60,117,111
Vasai,21,53,115,110
Vasai,21,26,121,114
Vasai,25,33,140,127
Vasai,29,31,104,103
Vasai,32,32,107,105
Vasai,33,34,124,116
Vasai,22,30,142,128
Vasai,19,34,205,170
Vasai,21,23,132,121
Vasai,28,31,150,133
Vasai,23,36,149,133
Vasai,27,35,129,119
Vasai,20,58,121,114
Vasai,25,39,90,90
Vasai,22,25,93,93
Vasai,20,69,92,92
Vasai,20,12,86,86
Vasai,21,13,87,87
Vasai,21,17,110,107
Vasai,20,21,134,123
Vasai,20,20,143,129
Vasai,21,21,179,153
Vasai,21,22,155,137
Vasai,22,13,130,120
Vasai,22,12,104,103
Vasai,19,17,126,117
Vasai,18,19,111,107
Vasai,20,18,149,133
Vasai,20,13,150,133
Vasai,21,12,111,107
Vasai,19,12,142,128
Vasai,21,14,234,189
Vasai,21,17,341,291
Vasai,24,20,314,264
Vasai,18,12,203,169
Vasai,19,21,152,135
Vasai,19,18,98,98
Vasai,17,12,78,78
Vasai,17,12,84,84
Vasai,19,10,90,90
Vasai,19,13,104,103
Vasai,19,8,65,65
Vasai,19,13,71,71
Vasai,22,20,77,77
Vasai,20,20,95,95
Vasai,19,14,90,90
Vasai,20,14,104,103
Vasai,20,10,105,103
Vasai,20,10,84,84
Vasai,17,9,85,85
Vasai,17,195,74,215
Vasai,28,13,47,47
Vasai,27,11,47,47
Vasai,17,32,34,40
Vasai,20,36,31,45
Vasai,22,18,94,94
Vasai,22,38,52,52
Vasai,21,9,78,78
Vasai,20,16,66,66
Vasai,20,14,68,68
Vasai,20,10,73,73
Vasai,20,12,68,68
Vasai,26,9,117,111
Vasai,23,11,72,72
Vasai,23,13,174,149
Vasai,27,9,66,66
Vasai,26,9,73,73
Vasai,28,9,62,62
Vasai,26,9,53,53
Vasai,26,9,69,69
Vasai,24,11,62,62
Vasai,27,9,47,47
Vasai,24,31,51,51
Vasai,8,9,150,133
Vasai,13,9,67,67
Vasai,8,9,49,49
Vasai,11,9,47,47
Vasai,20,15,43,43
Vasai,18,52,40,65
Vasai,14,34,41,43
Vasai,16,33,51,51
Vasai,15,36,58,58
Vasai,8,15,29,29
Vasai,8,15,34,34
Vasai,9,12,25,25
Vasai,11,12,26,26
Vasai,12,14,26,26
Vasai,13,17,28,28
Vasai,17,15,26,26
Vasai,12,35,29,44
Vasai,14,15,25,25
Vasai,14,14,33,33
Vasai,14,12,60,60
Vasai,15,7,80,80
Vasai,16,12,90,90
Vasai,17,10,104,103
Vasai,12,9,82,82
Vasai,8,25,157,138
Vasai,8,32,67,67
Vasai,8,30,70,70
Vasai,8,32,92,92
Vasai,8,30,71,71
Vasai,8,30,66,66
Vasai,8,30,59,59
Vasai,8,33,81,81
Vasai,8,27,66,66
Vasai,7,29,50,50
Vasai,9,36,61,61
Vasai,10,37,51,51
Vasai,8,40,50,50
Vasai,9,43,55,55
Vasai,8,42,53,53
Vasai,9,34,48,48
Vasai,8,36,55,55
Vasai,12,36,54,54
Vasai,8,37,43,46
Vasai,8,35,43,44
Vasai,8,41,46,51
Vasai,8,52,96,96
Vasai,8,41,57,57
Vasai,8,41,64,64
Vasai,8,39,54,54
Vasai,8,39,68,68
Vasai,9,40,92,92
Vasai,9,44,93,93
Vasai,10,47,107,105
Vasai,9,70,83,88
Vasai,9,18,85,85
Vasai,9,38,84,84
Vasai,8,40,84,84
Vasai,8,41,76,76
Vasai,9,41,94,94
Vasai,8,37,108,105
Vasai,9,33,102,101
Vasai,10,40,74,74
Vasai,12,41,68,68
Vasai,9,43,53,54
Vasai,8,39,59,59
Vasai,8,41,65,65
Vasai,8,40,43,50
Vasai,8,37,37,46
Vasai,8,40,43,50
Vasai,10,52,107,105
Vasai,9,39,75,75
Vasai,16,47,91,91
Vasai,15,38,44,48
Vasai,16,38,44,48
Vasai,13,39,61,61
Vasai,13,43,73,73
Vasai,11,39,59,59
Vasai,18,42,98,98
Vasai,18,40,111,107
Vasai,8,40,138,125
Vasai,8,40,101,101
Vasai,6,41,117,111
Vasai,11,39,96,96
Vasai,12,41,93,93
Vasai,14,42,90,90
Vasai,13,44,109,106
Vasai,11,49,115,110
Vasai,11,52,110,107
Vasai,11,52,121,114
Vasai,13,50,121,114
Vasai,17,50,136,124
Vasai,17,56,146,131
Vasai,17,50,169,146
Vasai,21,53,172,148
Vasai,15,41,155,137
Vasai,15,33,206,171
Vasai,11,27,145,130
Vasai,11,26,144,129
Vasai,15,40,175,150
Vasai,11,36,179,153
Vasai,12,37,200,167
Vasai,16,39,126,117
Vasai,14,47,115,110
Vasai,15,42,141,127
Vasai,15,56,119,113
Vasai,14,58,138,125
Vasai,18,68,195,163
Vasai,17,59,202,168
Vasai,13,54,214,176
Vasai,18,53,224,183
Vasai,30,56,171,147
Vasai,15,52,236,191
Vasai,19,34,196,164
Vasai,17,35,216,177
Vasai,12,44,221,181
Vasai,16,45,218,179
Vasai,11,32,284,234
Vasai,11,29,262,212
Vasai,13,29,283,233
Vasai,13,28,265,215
Vasai,12,28,305,255
Vasai,20,28,278,228
Vasai,21,31,285,235
Vasai,15,29,168,145
Vasai,11,46,252,202
Vasai,13,31,222,181
Vasai,18,42,200,167
Vasai,15,30,154,136
Vasai,12,40,163,142
Vasai,18,39,151,134
Vasai,22,38,164,143
Vasai,16,30,191,161
Vasai,14,24,156,137
Vasai,29,21,126,117
Vasai,20,20,157,138
Vasai,20,18,210,173
Vasai,20,17,232,188
Vasai,13,18,162,141
Vasai,21,17,117,111
Vasai,21,19,169,146
Vasai,20,22,226,184
Vasai,17,21,259,209
Vasai,21,23,240,193
Vasai,18,21,235,190
Vasai,16,25,262,212
Vasai,22,23,175,150
Vasai,25,22,159,139
Vasai,19,27,202,168
Vasai,20,26,178,152
Vasai,16,30,185,157
Vasai,16,24,190,160
Vasai,16,31,202,168
Vasai,19,33,176,151
Vasai,20,26,156,137
Vasai,13,30,130,120
Vasai,19,29,158,139
Vasai,16,50,179,153
Vasai,16,41,148,132
Vasai,23,53,230,187
Vasai,15,47,237,191
Vasai,24,47,206,171
Vasai,20,60,184,156
Vasai,22,30,211,174
Vasai,14,24,242,195
Vasai,13,22,218,179
Vasai,13,22,177,151
Vasai,14,21,132,121
Vasai,15,22,123,115
Vasai,16,22,139,126
Vasai,17,22,165,143
Vasai,17,22,172,148
Vasai,16,22,168,145
Vasai,16,22,192,161
Vasai,16,22,143,129
Vasai,13,21,133,122
Vasai,18,22,155,137
Vasai,14,29,140,127
Vasai,16,22,163,142
Vasai,16,22,157,138
Vasai,14,22,191,161
Vasai,14,24,194,163
Vasai,19,22,203,169
Vasai,16,24,150,133
Vasai,13,22,192,161
Vasai,11,22,190,160
Vasai,14,22,182,155
Vasai,14,21,185,157
Vasai,14,22,191,161
Vasai,14,22,162,141
Vasai,13,21,204,169
Vasai,16,27,222,181
Vasai,16,21,215,177
Vasai,17,24,246,197
Vasai,13,21,155,137
Vasai,13,17,204,169
Vasai,15,20,208,172
Vasai,18,19,203,169
Vasai,13,22,164,143
Vasai,16,21,196,164
Vasai,17,22,203,169
Vasai,15,21,206,171
Vasai,14,22,236,191
Vasai,11,21,181,154
Vasai,10,36,213,175
Vasai,10,26,254,204
Vasai,12,25,331,281
Vasai,19,31,297,247
Vasai,18,29,287,237
Vasai,14,21,241,194
Vasai,17,37,178,152
Vasai,22,38,175,150
Vasai,11,22,168,145
Vasai,17,21,108,105
Vasai,17,21,172,148
Vasai,15,21,220,180
Vasai,13,27,259,209
Vasai,17,30,177,151
Vasai,17,26,205,170
Vasai,12,30,155,137
Kandivli,19,66,189,159
Kandivli,19,76,195,163
Kandivli,20,90,112,110
Kandivli,10,28,148,132
Kandivli,9,36,45,45
Kandivli,8,44,40,55
Kandivli,10,25,80,80
Kandivli,10,28,88,88
Kandivli,11,29,87,87
Kandivli,11,32,66,66
Kandivli,10,24,58,58
Kandivli,10,22,71,71
Kandivli,10,26,83,83
Kandivli,10,26,84,84
Kandivli,11,27,77,77
Kandivli,11,31,96,96
Kandivli,11,36,102,101
Kandivli,11,37,77,77
Kandivli,11,38,54,54
Kandivli,11,34,56,56
Kandivli,12,28,67,67
Kandivli,11,27,51,51
Kandivli,11,29,43,43
Kandivli,11,39,45,49
Kandivli,11,26,31,33
Kandivli,12,32,37,40
Kandivli,11,9,42,42
Kandivli,11,9,37,37
Kandivli,12,7,40,40
Kandivli,12,13,44,44
Kandivli,13,18,54,54
Kandivli,12,10,50,50
Kandivli,12,13,41,41
Kandivli,12,20,33,33
Kandivli,14,17,31,31
Kandivli,14,22,44,44
Kandivli,13,43,27,54
Kandivli,14,32,66,66
Kandivli,15,29,54,54
Kandivli,15,26,61,61
Kandivli,14,27,64,64
Kandivli,10,33,64,64
Kandivli,10,32,57,57
Kandivli,13,28,43,43
Kandivli,11,26,44,44
Kandivli,14,42,36,53
Kandivli,14,38,29,48
Kandivli,13,25,35,35
Kandivli,13,23,49,49
Kandivli,9,34,46,46
Kandivli,11,28,51,51
Kandivli,11,30,54,54
Kandivli,12,32,47,47
Kandivli,12,32,39,40
Kandivli,13,9,38,38
Kandivli,11,33,45,45
Kandivli,11,22,44,44
Kandivli,14,24,44,44
Kandivli,13,20,56,56
Kandivli,13,20,53,53
Kandivli,13,9,71,71
Kandivli,14,9,90,90
Kandivli,15,9,70,70
Kandivli,14,9,81,81
Kandivli,14,9,95,95
Kandivli,14,9,89,89
Kandivli,14,9,44,44
Kandivli,14,9,69,69
Kandivli,14,9,74,74
Kandivli,15,9,54,54
Kandivli,15,9,46,46
Kandivli,14,9,48,48
Kandivli,14,9,68,68
Kandivli,15,9,43,43
Kandivli,15,9,61,61
Kandivli,15,9,69,69
Kandivli,16,9,59,59
Kandivli,15,9,51,51
Kandivli,15,32,45,45
Kandivli,14,34,28,43
Kandivli,14,33,56,56
Kandivli,15,47,29,59
Kandivli,15,43,36,54
Kandivli,14,45,26,56
Kandivli,16,61,52,76
Kandivli,16,74,49,93
Kandivli,16,43,86,86
Kandivli,15,31,100,100
Kandivli,15,40,88,88
Kandivli,15,47,85,85
Kandivli,15,42,83,83
Kandivli,15,47,87,87
Kandivli,15,42,97,97
Kandivli,15,41,93,93
Kandivli,16,33,146,131
Kandivli,15,62,160,140
Kandivli,16,55,238,192
Kandivli,15,45,143,129
Kandivli,16,40,182,155
Kandivli,17,30,169,146
Kandivli,16,46,145,130
Kandivli,17,36,148,132
Kandivli,16,43,153,135
Kandivli,16,49,189,159
Kandivli,16,51,151,134
Kandivli,17,50,164,143
Kandivli,17,57,142,128
Kandivli,17,52,180,153
Kandivli,17,57,194,163
Kandivli,17,58,174,149
Kandivli,17,62,174,149
Kandivli,18,60,188,159
Kandivli,17,62,159,139
Kandivli,17,56,196,164
Kandivli,17,56,190,160
Kandivli,18,51,174,149
Kandivli,10,138,195,163
Kandivli,18,49,144,129
Kandivli,14,48,133,122
Kandivli,14,43,107,105
Kandivli,16,52,146,131
Kandivli,16,50,210,173
Kandivli,18,50,198,165
Kandivli,14,45,225,183
Kandivli,18,55,206,171
Kandivli,18,55,186,157
Kandivli,18,64,138,125
Kandivli,18,51,183,155
Kandivli,18,53,196,164
Kandivli,18,55,187,158
Kandivli,16,70,227,185
Kandivli,17,67,247,198
Kandivli,17,41,245,197
Kandivli,20,56,187,158
Kandivli,18,56,159,139
Kandivli,16,61,151,134
Kandivli,15,55,148,132
Kandivli,20,53,142,128
Kandivli,17,52,124,116
Kandivli,19,57,113,109
Kandivli,19,59,126,117
Kandivli,18,47,149,133
Kandivli,18,52,148,132
Kandivli,19,33,131,121
Kandivli,20,69,185,157
Kandivli,23,54,228,185
Kandivli,26,62,407,371
Kandivli,23,69,172,148
Kandivli,23,82,196,164
Kandivli,23,67,213,175
Kandivli,21,74,214,176
Kandivli,20,88,203,169
Kandivli,21,82,171,147
Kandivli,20,73,159,139
Kandivli,21,69,217,178
Kandivli,21,70,183,155
Kandivli,22,69,156,137
Kandivli,22,88,180,153
Kandivli,21,69,212,175
Kandivli,21,64,169,146
Kandivli,21,93,220,180
Kandivli,20,78,237,191
Kandivli,21,83,193,162
Kandivli,24,86,217,178
Kandivli,22,79,229,186
Kandivli,22,79,229,186
Kandivli,21,80,215,177
Kandivli,23,86,185,157
Kandivli,22,56,149,133
Kandivli,27,87,195,163
Kandivli,26,86,178,152
Kandivli,24,85,201,167
Kandivli,24,70,177,151
Kandivli,23,120,216,177
Kandivli,25,80,177,151
Kandivli,25,51,136,124
Kandivli,25,53,142,128
Mulund,19,102,231,187
Mulund,18,83,111,107
Mulund,16,94,143,129
Mulund,11,91,159,139
Mulund,13,61,173,149
Mulund,11,52,168,145
Mulund,10,65,182,155
Mulund,12,57,132,121
Mulund,10,59,122,115
Mulund,12,57,126,117
Mulund,12,53,140,127
Mulund,13,65,146,131
Mulund,12,59,148,132
Mulund,10,102,138,125
Mulund,15,97,224,183
Mulund,17,49,213,175
Mulund,14,48,180,153
Mulund,16,44,150,133
Mulund,13,45,133,122
Mulund,12,42,114,109
Mulund,10,43,119,113
Mulund,13,44,126,117
Mulund,17,22,107,105
Mulund,12,31,92,92
Mulund,11,38,92,92
Mulund,15,38,123,115
Mulund,17,44,132,121
Mulund,14,110,174,149
Mulund,22,121,184,156
Mulund,17,47,102,101
Mulund,18,17,87,87
Mulund,17,48,95,95
Mulund,42,42,90,90
Mulund,16,42,104,103
Mulund,14,37,114,109
Mulund,44,16,160,140
Mulund,13,45,142,128
Mulund,13,46,125,117
Mulund,19,39,106,104
Mulund,17,46,150,133
Mulund,20,43,114,109
Mulund,19,51,121,114
Mulund,16,44,103,102
Mulund,17,48,78,78
Mulund,16,46,73,73
Mulund,15,46,82,82
Mulund,16,49,93,93
Mulund,15,46,95,95
Mulund,16,46,96,96
Mulund,14,45,149,133
Mulund,16,47,173,149
Mulund,17,45,129,119
Mulund,16,45,98,98
Mulund,17,46,88,88
Mulund,16,48,94,94
Mulund,14,37,102,101
Mulund,16,49,118,112
Mulund,13,43,129,119
Mulund,13,49,103,102
Mulund,16,30,115,110
Mulund,18,51,189,159
Mulund,14,45,245,197
Mulund,17,47,225,183
Mulund,17,40,164,143
Mulund,17,48,126,117
Mulund,16,52,67,67
Mulund,15,50,68,68
Mulund,14,44,78,78
Mulund,17,44,81,81
Mulund,16,17,89,89
Mulund,16,45,61,61
Mulund,15,48,57,60
Mulund,14,45,61,61
Mulund,14,45,80,80
Mulund,14,44,77,77
Mulund,15,45,82,82
Mulund,12,16,87,87
Mulund,12,58,105,103
Mulund,12,53,81,81
Mulund,12,44,66,66
Mulund,12,49,75,75
Mulund,15,46,62,62
Mulund,15,41,55,55
Mulund,16,42,58,58
Mulund,16,49,56,61
Mulund,16,53,33,66
Mulund,17,60,38,75
Mulund,16,50,53,63
Mulund,16,58,71,73
Mulund,16,52,74,74
Mulund,16,52,65,65
Mulund,17,54,71,71
Mulund,16,56,77,77
Mulund,16,55,38,69
Mulund,16,68,40,85
Mulund,15,56,36,70
Mulund,16,74,38,93
Mulund,21,92,31,112
Mulund,15,42,34,53
Mulund,10,49,37,61
Mulund,10,41,23,51
Mulund,12,59,39,74
Mulund,13,52,56,65
Mulund,11,46,59,59
Mulund,11,45,57,57
Mulund,4,55,43,69
Mulund,12,41,40,51
Mulund,11,38,40,48
Mulund,10,36,40,45
Mulund,10,38,43,48
Mulund,11,36,73,73
Mulund,10,43,53,54
Mulund,11,40,47,50
Mulund,11,49,49,61
Mulund,10,48,55,60
Mulund,10,43,47,54
Mulund,11,45,54,56
Mulund,14,46,98,98
Mulund,10,43,52,54
Mulund,10,38,39,48
Mulund,10,47,59,59
Mulund,12,40,52,52
Mulund,10,48,46,60
Mulund,13,49,72,72
Mulund,17,36,63,63
Mulund,15,40,55,55
Mulund,16,44,61,61
Mulund,19,54,56,68
Mulund,15,35,68,68
Mulund,15,45,61,61
Mulund,14,45,49,56
Mulund,14,42,40,53
Mulund,15,41,43,51
Mulund,14,44,32,55
Mulund,13,38,27,48
Mulund,15,34,35,43
Mulund,16,34,48,48
Mulund,16,40,49,50
Mulund,14,34,50,50
Mulund,13,29,48,48
Mulund,16,42,31,53
Mulund,15,43,37,54
Mulund,13,33,39,41
Mulund,15,30,47,47
Mulund,13,37,44,46
Mulund,13,30,37,38
Mulund,13,35,49,49
Mulund,13,38,40,48
Mulund,14,34,42,43
Mulund,12,34,56,56
Mulund,12,32,51,51
Mulund,12,31,105,103
Mulund,12,28,90,90
Mulund,10,39,87,87
Mulund,14,36,90,90
Mulund,17,54,79,79
Mulund,14,34,34,43
Mulund,16,36,63,63
Mulund,11,29,92,92
Mulund,20,34,97,97
Mulund,12,32,55,55
Mulund,11,32,45,45
Mulund,15,36,49,49
Mulund,16,33,39,41
Mulund,15,32,49,49
Mulund,15,59,70,74
Mulund,16,57,63,71
Mulund,16,38,39,48
Mulund,15,35,22,44
Mulund,17,63,35,79
Mulund,15,36,35,45
Mulund,16,34,27,43
Mulund,15,31,32,39
Mulund,15,29,27,36
Mulund,14,34,27,43
Mulund,15,31,56,56
Mulund,14,38,54,54
Mulund,15,32,54,54
Mulund,14,41,63,63
Mulund,14,36,63,63
Mulund,14,33,66,66
Mulund,14,34,64,64
Mulund,14,37,64,64
Mulund,14,26,74,74
Mulund,14,30,47,47
Mulund,14,30,57,57
Mulund,14,25,97,97
Mulund,15,24,66,66
Mulund,14,76,47,95
Mulund,15,63,81,81
Mulund,14,76,83,95
Mulund,14,65,72,81
Mulund,14,60,72,75
Mulund,14,59,80,80
Mulund,14,61,84,84
Mulund,13,63,95,95
Mulund,17,51,78,78
Mulund,15,64,152,135
Mulund,14,70,143,129
Mulund,14,57,143,129
Mulund,13,63,148,132
Mulund,14,67,133,122
Mulund,14,56,130,120
Mulund,14,51,197,165
Mulund,12,62,139,126
Mulund,14,71,164,143
Mulund,14,66,147,131
Mulund,13,65,161,141
Mulund,13,64,148,132
Mulund,12,74,148,132
Mulund,13,56,206,171
Mulund,12,61,159,139
Mulund,12,68,141,127
Mulund,12,47,150,133
Mulund,11,68,175,150
Mulund,12,62,129,119
Mulund,12,65,114,109
Mulund,14,61,106,104
Mulund,13,66,108,105
Mulund,13,85,225,183
Mulund,13,77,224,183
Mulund,12,64,303,253
Mulund,13,56,324,274
Mulund,13,60,188,159
Mulund,12,55,124,116
Mulund,11,61,233,189
Mulund,11,68,232,188
Mulund,14,61,214,176
Mulund,13,58,198,165
Mulund,12,69,219,179
Mulund,15,65,239,193
Mulund,14,57,174,149
Mulund,13,55,189,159
Mulund,14,63,160,140
Mulund,15,59,126,117
Mulund,14,61,124,116
Mulund,14,47,123,115
Mulund,12,85,113,109
Mulund,16,74,158,139
Mulund,17,104,169,146
Mulund,16,73,327,277
Mulund,12,53,197,165
Mulund,15,57,159,139
Mulund,13,62,204,169
Mulund,14,72,221,181
Mulund,15,53,217,178
Mulund,13,50,184,156
Mulund,15,70,116,111
Mulund,14,44,124,116
Mulund,12,109,178,152
Mulund,14,65,182,155
Mulund,12,66,274,224
Mulund,12,59,277,227
Mulund,14,78,331,281
Mulund,11,86,210,173
Mulund,13,60,128,119
Mulund,11,84,133,122
Mulund,11,64,144,129
Mulund,13,58,163,142
Mulund,14,74,189,159
Mulund,12,79,248,199
Mulund,11,50,123,115
Mulund,10,40,135,123
Mulund,14,59,207,171
Mulund,13,72,141,127
Mulund,8,81,142,128
Mulund,8,85,213,175
Mulund,8,79,181,154
Mulund,8,80,152,135
Mulund,8,74,125,117
Mulund,8,73,132,121
Mulund,8,66,121,114
Mulund,8,75,178,152
Mulund,8,74,154,136
Mulund,12,86,173,149
Mulund,12,87,141,127
Mulund,16,78,189,159
Mulund,11,77,152,135
Mulund,11,74,148,132
Mulund,14,77,140,127
Mulund,14,90,162,141
Mulund,13,85,198,165
Mulund,15,89,238,192
Mulund,14,78,106,104
Mulund,13,67,100,100
Mulund,13,80,135,123
Mulund,14,81,155,137
Mulund,10,82,171,147
Mulund,12,86,152,135
Borivali,7,23,174,149
Borivali,6,19,109,106
Borivali,7,17,113,109
Borivali,7,16,151,134
Borivali,6,20,151,134
Borivali,34,104,173,149
Borivali,6,24,168,145
Borivali,6,18,105,103
Borivali,6,32,104,103
Borivali,5,16,98,98
Borivali,6,16,113,109
Borivali,6,17,114,109
Borivali,5,16,114,109
Borivali,7,14,113,109
Borivali,8,15,238,192
Borivali,6,15,200,167
Borivali,7,13,167,145
Borivali,7,14,130,120
Borivali,5,14,114,109
Borivali,6,14,111,107
Borivali,5,26,92,92
Borivali,6,16,98,98
Borivali,6,14,87,87
Borivali,8,14,78,78
Borivali,5,15,80,80
Borivali,7,13,93,93
Borivali,4,13,103,102
Borivali,4,13,87,87
Borivali,6,15,84,84
Borivali,5,13,96,96
Borivali,6,17,126,117
Borivali,6,16,152,135
Borivali,5,13,124,116
Borivali,6,12,105,103
Borivali,6,15,103,102
Borivali,7,13,80,80
Borivali,8,16,84,84
Borivali,4,15,103,102
Borivali,5,12,83,83
Borivali,6,22,71,71
Borivali,6,20,74,74
Borivali,5,19,90,90
Borivali,5,46,101,101
Borivali,16,19,106,104
Borivali,10,18,156,137
Borivali,7,17,172,148
Borivali,7,20,136,124
Borivali,8,15,98,98
Borivali,9,17,102,101
Borivali,9,18,103,102
Borivali,9,18,116,111
Borivali,7,18,132,121
Borivali,6,16,115,110
Borivali,7,15,110,107
Borivali,7,15,116,111
Borivali,7,15,205,170
Borivali,5,14,269,219
Borivali,5,19,231,187
Borivali,7,21,186,157
Borivali,6,18,137,125
Borivali,6,14,94,94
Borivali,6,14,79,79
Borivali,6,15,84,84
Borivali,6,15,80,80
Borivali,7,15,60,60
Borivali,6,16,59,59
Borivali,7,15,73,73
Borivali,4,15,69,69
Borivali,6,15,76,76
Borivali,6,16,72,72
Borivali,7,16,85,85
Borivali,4,16,80,80
Borivali,6,16,61,61
Borivali,6,16,56,56
Borivali,5,17,53,53
Borivali,6,17,44,44
Borivali,5,16,31,31
Borivali,7,16,35,35
Borivali,6,25,51,51
Borivali,7,16,34,34
Borivali,6,20,42,42
Borivali,7,20,44,44
Borivali,4,19,39,39
Borivali,4,19,31,31
Borivali,4,18,31,31
Borivali,4,19,37,37
Borivali,4,22,38,38
Borivali,4,22,21,28
Borivali,4,26,24,33
Borivali,4,22,23,28
Borivali,4,25,34,34
Borivali,5,24,48,48
Borivali,5,21,42,42
Borivali,4,17,21,21
Borivali,4,17,17,21
Borivali,4,19,17,24
Borivali,5,21,31,31
Borivali,5,19,62,62
Borivali,4,20,21,25
Borivali,5,17,35,35
Borivali,6,16,39,39
Borivali,6,17,38,38
Borivali,6,17,53,53
Borivali,5,19,46,46
Borivali,5,16,42,42
Borivali,5,18,51,51
Borivali,6,15,40,40
Borivali,6,19,39,39
Borivali,5,16,43,43
Borivali,6,17,47,47
Borivali,7,16,40,40
Borivali,5,17,43,43
Borivali,5,15,40,40
Borivali,4,21,28,28
Borivali,6,19,40,40
Borivali,5,18,42,42
Borivali,5,16,33,33
Borivali,5,20,39,39
Borivali,5,18,37,37
Borivali,4,15,42,42
Borivali,6,21,35,35
Borivali,5,21,31,31
Borivali,6,19,29,29
Borivali,4,24,19,30
Borivali,4,28,26,35
Borivali,5,26,22,33
Borivali,5,19,44,44
Borivali,4,18,39,39
Borivali,4,19,39,39
Borivali,4,21,38,38
Borivali,5,22,37,37
Borivali,4,21,29,29
Borivali,4,20,33,33
Borivali,5,19,36,36
Borivali,4,21,34,34
Borivali,4,26,23,33
Borivali,4,25,29,31
Borivali,4,26,29,33
Borivali,4,22,28,28
Borivali,4,22,28,28
Borivali,12,32,88,88
Borivali,13,34,30,43
Borivali,4,27,43,43
Borivali,4,26,45,45
Borivali,4,25,35,35
Borivali,4,20,46,46
Borivali,4,18,52,52
Borivali,4,18,24,24
Borivali,4,16,32,32
Borivali,4,23,37,37
Borivali,4,22,25,28
Borivali,4,22,24,28
Borivali,4,20,21,25
Borivali,4,24,41,41
Borivali,4,27,26,34
Borivali,4,25,26,31
Borivali,4,22,27,28
Borivali,4,20,28,28
Borivali,4,23,28,29
Borivali,4,25,14,31
Borivali,8,23,16,29
Borivali,7,21,18,26
Borivali,8,23,18,29
Borivali,7,23,22,29
Borivali,6,20,20,25
Borivali,8,27,40,40
Borivali,6,30,43,43
Borivali,12,35,40,44
Borivali,16,31,34,39
Borivali,17,29,30,36
Borivali,17,33,22,41
Borivali,17,32,23,40
Borivali,16,30,18,38
Borivali,17,31,21,39
Borivali,17,32,28,40
Borivali,16,30,43,43
Borivali,17,30,52,52
Borivali,17,29,40,40
Borivali,17,27,20,34
Borivali,16,24,29,30
Borivali,16,25,39,39
Borivali,17,28,43,43
Borivali,17,31,30,39
Borivali,16,35,30,44
Borivali,16,35,22,44
Borivali,17,36,28,45
Borivali,17,30,28,38
Borivali,17,32,37,40
Borivali,16,34,23,43
Borivali,17,32,31,40
Borivali,8,22,46,46
Borivali,8,18,59,59
Borivali,5,20,53,53
Borivali,6,29,55,55
Borivali,6,20,52,52
Borivali,6,22,53,53
Borivali,6,20,63,63
Borivali,6,18,70,70
Borivali,5,16,72,72
Borivali,5,17,92,92
Borivali,6,17,79,79
Borivali,6,17,78,78
Borivali,5,15,78,78
Borivali,5,20,76,76
Borivali,6,30,84,84
Borivali,6,26,79,79
Borivali,6,25,83,83
Borivali,6,20,83,83
Borivali,12,18,73,73
Borivali,7,23,97,97
Borivali,6,24,100,100
Borivali,6,24,95,95
Borivali,6,25,96,96
Borivali,6,28,111,107
Borivali,6,28,122,115
Borivali,6,31,123,115
Borivali,5,26,112,108
Borivali,5,23,97,97
Borivali,6,19,94,94
Borivali,6,15,82,82
Borivali,6,17,96,96
Borivali,7,15,85,85
Borivali,6,14,90,90
Borivali,6,17,117,111
Borivali,6,18,111,107
Borivali,6,19,129,119
Borivali,7,19,158,139
Borivali,6,19,141,127
Borivali,5,14,84,84
Borivali,8,18,106,104
Borivali,6,18,125,117
Borivali,6,19,142,128
Borivali,5,18,134,123
Borivali,7,27,170,147
Borivali,6,27,171,147
Borivali,7,23,164,143
Borivali,6,22,137,125
Borivali,7,25,106,104
Borivali,5,20,93,93
Borivali,6,18,110,107
Borivali,6,21,109,106
Borivali,7,19,101,101
Borivali,6,17,86,86
Borivali,7,16,87,87
Borivali,6,15,96,96
Borivali,6,16,103,102
Borivali,11,13,71,71
Borivali,5,20,141,127
Borivali,4,21,145,130
Borivali,5,18,111,107
Borivali,5,21,137,125
Borivali,6,19,136,124
Borivali,6,23,156,137
Borivali,5,26,127,118
Borivali,5,20,125,117
Borivali,5,16,117,111
Borivali,6,21,167,145
Borivali,5,21,149,133
Borivali,5,16,152,135
Borivali,6,18,131,121
Borivali,7,16,93,93
Borivali,7,18,101,101
Borivali,5,21,187,158
Borivali,8,16,156,137
Borivali,8,17,140,127
Borivali,5,18,143,129
Borivali,7,18,139,126
Borivali,7,19,157,138
Borivali,7,18,119,113
Borivali,7,17,113,109
Borivali,9,18,126,117
Borivali,9,17,125,117
Borivali,6,19,140,127
Borivali,7,17,127,118
Borivali,8,24,162,141
Borivali,9,18,124,116
Borivali,8,20,110,107
Borivali,7,16,102,101
Borivali,9,24,116,111
Borivali,8,18,85,85
Borivali,9,17,106,104
Borivali,9,16,92,92
Borivali,9,21,121,114
Borivali,9,20,54,54
Borivali,6,19,107,105
Borivali,7,19,118,112
Borivali,8,28,151,134
Borivali,7,21,129,119
Borivali,7,23,153,135
Borivali,6,25,140,127
Borivali,4,20,108,105
Borivali,6,38,159,139
Borivali,6,20,159,139
Borivali,7,35,161,141
Borivali,9,25,170,147
Borivali,8,32,147,131
Borivali,6,17,81,81
Borivali,6,19,97,97
Borivali,6,20,124,116
Borivali,6,24,123,115
Vile Parle,15,19,140,127
Vile Parle,29,19,94,94
Vile Parle,10,12,113,109
Vile Parle,15,18,164,143
Vile Parle,29,22,158,139
Vile Parle,22,32,186,157
Vile Parle,6,26,177,151
Vile Parle,12,21,104,103
Vile Parle,15,15,97,97
Vile Parle,12,9,95,95
Vile Parle,10,17,159,139
Vile Parle,12,11,112,108
Vile Parle,5,12,115,110
Vile Parle,5,19,133,122
Vile Parle,5,8,276,226
Vile Parle,4,175,248,199
Vile Parle,4,19,149,133
Vile Parle,10,25,161,141
Vile Parle,22,23,125,117
Vile Parle,5,14,193,162
Vile Parle,6,9,205,170
Vile Parle,10,17,159,139
Vile Parle,10,28,124,116
Vile Parle,5,6,90,90
Vile Parle,6,8,98,98
Vile Parle,6,16,113,109
Vile Parle,7,30,96,96
Vile Parle,6,27,87,87
Vile Parle,6,7,107,105
Vile Parle,6,5,103,102
Vile Parle,5,9,101,101
Vile Parle,5,9,112,108
Vile Parle,6,9,123,115
Vile Parle,7,9,152,135
Vile Parle,6,13,147,131
Vile Parle,6,13,116,111
Vile Parle,6,11,126,117
Vile Parle,6,22,117,111
Vile Parle,6,21,113,109
Vile Parle,5,23,109,106
Vile Parle,5,21,110,107
Vile Parle,5,20,138,125
Vile Parle,5,27,139,126
Vile Parle,5,20,95,95
Vile Parle,6,26,71,71
Vile Parle,13,29,98,98
Vile Parle,4,28,65,65
Vile Parle,5,26,150,133
Vile Parle,5,24,128,119
Vile Parle,5,18,150,133
Vile Parle,5,27,138,125
Vile Parle,15,32,127,118
Vile Parle,11,26,132,121
Vile Parle,7,29,144,129
Vile Parle,7,32,319,269
Vile Parle,7,27,296,246
Vile Parle,7,37,271,221
Vile Parle,7,26,156,137
Vile Parle,7,31,122,115
Vile Parle,7,33,128,119
Vile Parle,5,28,123,115
Vile Parle,16,5,140,127
Vile Parle,14,19,129,119
Vile Parle,6,16,138,125
Vile Parle,9,24,113,109
Vile Parle,12,27,114,109
Vile Parle,6,28,104,103
Vile Parle,6,16,111,107
Vile Parle,9,27,102,101
Vile Parle,7,27,66,66
Vile Parle,7,9,66,66
Vile Parle,7,27,70,70
Vile Parle,7,14,218,179
Vile Parle,7,9,68,68
Vile Parle,8,16,73,73
Vile Parle,9,11,55,55
Vile Parle,8,11,41,41
Vile Parle,8,9,51,51
Vile Parle,8,9,72,72
Vile Parle,8,9,82,82
Vile Parle,8,9,72,72
Vile Parle,9,9,73,73
Vile Parle,9,9,61,61
Vile Parle,9,10,24,24
Vile Parle,9,10,24,24
Vile Parle,9,12,26,26
Vile Parle,10,16,43,43
Vile Parle,9,10,44,44
Vile Parle,10,14,48,48
Vile Parle,9,12,45,45
Vile Parle,9,11,31,31
Vile Parle,9,10,26,26
Vile Parle,9,15,67,67
Vile Parle,12,10,63,63
Vile Parle,7,16,73,73
Vile Parle,8,17,86,86
Vile Parle,8,15,87,87
Vile Parle,8,5,47,47
Vile Parle,7,12,37,37
Vile Parle,11,17,43,43
Vile Parle,22,9,44,44
Vile Parle,22,9,31,31
Vile Parle,21,9,56,56
Vile Parle,22,7,47,47
Vile Parle,24,9,69,69
Vile Parle,23,8,56,56
Vile Parle,17,9,91,91
Vile Parle,21,9,75,75
Vile Parle,21,9,45,45
Vile Parle,21,9,45,45
Vile Parle,22,13,55,55
Vile Parle,21,10,54,54
Vile Parle,21,14,79,79
Vile Parle,20,9,78,78
Vile Parle,21,9,79,79
Vile Parle,21,9,67,67
Vile Parle,22,9,47,47
Vile Parle,19,9,59,59
Vile Parle,21,8,64,64
Vile Parle,20,9,53,53
Vile Parle,20,12,67,67
Vile Parle,16,24,20,30
Vile Parle,9,17,17,21
Vile Parle,22,18,28,28
Vile Parle,21,25,41,41
Vile Parle,22,22,44,44
Vile Parle,22,25,56,56
Vile Parle,21,28,52,52
Vile Parle,21,19,60,60
Vile Parle,20,17,60,60
Vile Parle,21,26,59,59
Vile Parle,22,20,43,43
Vile Parle,21,20,42,42
Vile Parle,21,20,46,46
Vile Parle,21,29,75,75
Vile Parle,21,25,65,65
Vile Parle,21,33,53,53
Vile Parle,21,26,57,57
Vile Parle,21,27,37,37
Vile Parle,21,22,28,28
Vile Parle,21,20,51,51
Vile Parle,21,25,59,59
Vile Parle,21,26,86,86
Vile Parle,22,28,72,72
Vile Parle,22,35,78,78
Vile Parle,22,32,70,70
Vile Parle,22,29,65,65
Vile Parle,24,35,53,53
Vile Parle,24,63,59,79
Vile Parle,23,60,58,75
Vile Parle,24,36,72,72
Vile Parle,24,45,60,60
Vile Parle,25,40,58,58
Vile Parle,24,36,41,45
Vile Parle,23,24,27,30
Vile Parle,23,30,24,38
Vile Parle,23,24,26,30
Vile Parle,23,21,30,30
Vile Parle,23,27,31,34
Vile Parle,24,24,50,50
Vile Parle,24,24,34,34
Vile Parle,24,49,37,61
Vile Parle,25,19,78,78
Vile Parle,25,30,51,51
Vile Parle,24,32,41,41
Vile Parle,25,36,59,59
Vile Parle,25,55,46,69
Vile Parle,24,37,66,66
Vile Parle,24,33,37,41
Vile Parle,23,29,46,46
Vile Parle,27,25,59,59
Vile Parle,27,23,58,58
Vile Parle,27,31,66,66
Vile Parle,26,46,81,81
Vile Parle,27,55,58,69
Vile Parle,10,52,165,143
Vile Parle,6,36,149,133
Vile Parle,29,35,149,133
Vile Parle,14,25,154,136
Vile Parle,12,19,147,131
Vile Parle,8,16,119,113
Vile Parle,11,16,135,123
Vile Parle,12,14,159,139
Vile Parle,4,14,157,138
Vile Parle,19,64,153,135
Vile Parle,29,120,150,140
Vile Parle,29,97,153,135
Vile Parle,30,164,174,184
Vile Parle,30,87,179,153
Vile Parle,31,77,200,167
Vile Parle,31,80,219,179
Vile Parle,29,89,135,123
Vile Parle,30,67,200,167
Vile Parle,30,66,163,142
Vile Parle,19,53,211,174
Vile Parle,27,129,187,158
Vile Parle,32,98,134,123
Vile Parle,32,94,146,131
Vile Parle,41,182,292,242
Vile Parle,31,169,252,202
Vile Parle,39,93,205,170
Vile Parle,38,119,313,263
Vile Parle,40,68,286,236
Vile Parle,39,128,258,208
Vile Parle,39,84,156,137
Vile Parle,39,84,156,137
Vile Parle,37,154,195,174
Vile Parle,10,59,171,147
Vile Parle,37,85,167,145
Vile Parle,39,84,160,140
Vile Parle,37,154,195,174
Vile Parle,38,86,154,136
Vile Parle,38,90,166,144
Vile Parle,38,66,186,157
Vile Parle,39,82,156,137
Vile Parle,40,110,183,155
Vile Parle,38,127,220,180
Vile Parle,38,126,237,191
Vile Parle,37,107,221,181
Vile Parle,39,89,165,143
Vile Parle,37,111,225,183
Vile Parle,37,98,255,205
Vile Parle,39,104,301,251
Vile Parle,39,132,298,248
Vile Parle,39,140,265,215
Vile Parle,39,84,160,140
Vile Parle,37,89,204,169
Vile Parle,37,74,197,165
Vile Parle,39,101,248,199
Vile Parle,40,104,236,191
Vile Parle,40,111,243,195
Vile Parle,37,118,265,215
Vile Parle,37,110,264,214
Vile Parle,36,86,231,187
Vile Parle,37,110,208,172
Vile Parle,35,78,129,119
Vile Parle,36,109,149,133
Vile Parle,38,90,166,144
Vile Parle,37,117,145,137
Vile Parle,39,55,96,96
Vile Parle,37,61,129,119
Vile Parle,36,99,182,155
Vile Parle,38,116,203,169
Vile Parle,35,139,228,185
Vile Parle,38,173,177,193
Vile Parle,38,41,271,221
Vile Parle,38,78,203,169
Vile Parle,35,56,143,129
Vile Parle,37,48,112,108
Vile Parle,37,57,149,133
Vile Parle,36,65,174,149
Vile Parle,36,57,198,165
Vile Parle,39,57,213,175
Vile Parle,40,86,248,199
Vile Parle,36,59,224,183
Vile Parle,31,56,181,154
Vile Parle,36,41,168,145
Vile Parle,36,58,228,185
Vile Parle,35,60,149,133
Vile Parle,33,86,211,174
Vile Parle,37,67,236,191
Vile Parle,34,98,277,227
Vile Parle,34,58,198,165
Vile Parle,35,56,174,149
Vile Parle,36,74,267,217
Vile Parle,37,67,262,212
Vile Parle,35,74,172,148
Vile Parle,36,58,181,154
Vile Parle,37,63,213,175
Vile Parle,37,52,153,135
Vile Parle,36,101,186,157
Vile Parle,37,117,209,173
Vile Parle,37,85,203,169
Vile Parle,36,82,244,196
Vile Parle,36,85,201,167
Vile Parle,36,91,223,182
Vile Parle,35,66,205,170
Vile Parle,35,60,178,152
Vile Parle,35,36,122,115
Vile Parle,36,82,196,164
Vile Parle,38,81,213,175
Vile Parle,37,73,179,153
Vile Parle,37,74,204,169
Vile Parle,38,67,200,167
Vile Parle,37,69,191,161
Vile Parle,33,83,276,226
Vile Parle,39,83,314,264
Vile Parle,36,105,314,264
Vile Parle,37,82,207,171
Vile Parle,18,53,226,184
Vile Parle,15,51,109,106
Vile Parle,34,67,141,127
Vile Parle,35,71,147,131
Vile Parle,36,70,128,119
Vile Parle,36,78,163,142
Vile Parle,36,85,195,163
Vile Parle,34,87,206,171
Vile Parle,39,72,184,156
Vile Parle,39,59,145,130
Vile Parle,38,49,140,127
Kurla,14,59,195,163
Kurla,13,86,152,135
Kurla,15,75,160,140
Kurla,14,68,207,171
Kurla,14,109,209,173
Kurla,13,123,247,198
Kurla,15,128,285,235
Kurla,20,87,162,141
Kurla,13,89,160,140
Kurla,15,70,185,157
Kurla,10,71,178,152
Kurla,14,82,194,163
Kurla,16,89,191,161
Kurla,21,105,170,147
Kurla,16,109,191,161
Kurla,17,57,133,122
Kurla,20,56,110,107
Kurla,15,65,120,113
Kurla,12,60,110,107
Kurla,15,53,108,105
Kurla,17,50,131,121
Kurla,20,56,122,115
Kurla,22,64,169,146
Kurla,19,62,123,115
Kurla,16,60,136,124
Kurla,32,57,167,145
Kurla,11,78,131,121
Kurla,10,89,129,119
Kurla,10,105,106,125
Kurla,9,92,107,112
Kurla,10,74,142,128
Kurla,10,74,154,136
Kurla,10,86,129,119
Kurla,10,88,107,108
Kurla,10,77,126,117
Kurla,10,83,90,103
Kurla,5,78,113,109
Kurla,10,94,132,121
Kurla,10,84,101,104
Kurla,12,97,86,117
Kurla,8,94,51,114
Kurla,10,92,76,112
Kurla,9,91,65,111
Kurla,9,82,118,112
Kurla,9,85,97,105
Kurla,9,74,136,124
Kurla,10,80,146,131
Kurla,10,79,114,109
Kurla,10,84,87,104
Kurla,10,82,87,102
Kurla,9,97,90,117
Kurla,10,96,112,116
Kurla,10,100,143,129
Kurla,10,107,154,136
Kurla,10,100,117,120
Kurla,10,88,149,133
Kurla,10,92,167,145
Kurla,10,96,221,181
Kurla,10,96,208,172
Kurla,11,104,174,149
Kurla,11,105,164,143
Kurla,11,109,123,129
Kurla,12,99,88,119
Kurla,13,102,103,122
Kurla,13,103,100,123
Kurla,13,99,112,119
Kurla,13,109,108,129
Kurla,13,112,96,132
Kurla,13,106,97,126
Kurla,14,100,90,120
Kurla,14,76,111,107
Kurla,12,94,109,114
Kurla,11,99,112,119
Kurla,12,101,128,121
Kurla,12,43,95,95
Kurla,12,28,82,82
Kurla,12,111,86,131
Kurla,12,114,69,134
Kurla,13,108,82,128
Kurla,13,101,56,121
Kurla,13,94,43,114
Kurla,14,99,16,119
Kurla,14,88,9,108
Kurla,14,95,29,115
Kurla,14,94,34,114
Kurla,15,114,34,134
Kurla,15,136,35,156
Kurla,15,129,24,149
Kurla,15,118,19,138
Kurla,15,124,15,144
Kurla,16,110,10,130
Kurla,16,96,8,116
Kurla,16,102,10,122
Kurla,16,111,24,131
Kurla,16,89,11,109
Kurla,17,100,8,120
Kurla,17,110,76,130
Kurla,17,109,82,129
Kurla,18,106,70,126
Kurla,16,83,43,103
Kurla,13,17,53,53
Kurla,19,58,45,73
Kurla,19,50,36,63
Kurla,13,52,42,65
Kurla,15,35,47,47
Kurla,12,32,53,53
Kurla,15,38,63,63
Kurla,12,50,72,72
Kurla,12,49,58,61
Kurla,7,54,62,68
Kurla,162,49,26,127
Kurla,125,48,32,115
Kurla,12,47,63,63
Kurla,28,54,60,68
Kurla,23,57,84,84
Kurla,15,36,176,151
Kurla,12,35,166,144
Kurla,46,36,162,141
Kurla,47,31,250,200
Kurla,47,32,93,93
Kurla,48,28,316,266
Kurla,49,29,121,114
Kurla,12,33,145,130
Kurla,15,33,113,109
Kurla,49,27,308,258
Kurla,14,30,117,111
Kurla,5,24,73,73
Kurla,51,18,234,189
Kurla,52,26,221,181
Kurla,9,19,64,64
Kurla,13,23,60,60
Kurla,13,40,42,50
Kurla,13,36,17,45
Kurla,8,36,88,88
Kurla,10,44,95,95
Kurla,12,59,66,74
Kurla,12,55,61,69
Kurla,12,60,42,75
Kurla,12,56,33,70
Kurla,12,51,102,101
Kurla,12,53,81,81
Kurla,12,54,84,84
Kurla,11,47,36,59
Kurla,11,59,52,74
Kurla,12,48,86,86
Kurla,11,46,82,82
Kurla,11,47,51,59
Kurla,11,39,46,49
Kurla,12,37,43,46
Kurla,12,32,22,40
Kurla,12,47,77,77
Kurla,12,47,34,59
Kurla,12,46,21,58
Kurla,12,44,26,55
Kurla,13,39,25,49
Kurla,13,38,22,48
Kurla,13,30,18,38
Kurla,13,44,84,84
Kurla,13,42,26,53
Kurla,13,46,27,58
Kurla,13,40,20,50
Kurla,13,43,13,54
Kurla,13,45,49,56
Kurla,13,70,39,88
Kurla,13,61,41,76
Kurla,13,36,41,45
Kurla,13,55,50,69
Kurla,13,53,59,66
Kurla,13,56,59,70
Kurla,13,50,36,63
Kurla,13,51,34,64
Kurla,13,52,82,82
Kurla,13,58,100,100
Kurla,13,38,99,99
Kurla,13,40,108,105
Kurla,13,32,98,98
Kurla,9,46,83,83
Kurla,4,28,44,44
Kurla,4,32,56,56
Kurla,7,34,120,113
Kurla,10,37,82,82
Kurla,13,40,138,125
Kurla,8,36,131,121
Kurla,6,36,91,91
Kurla,8,38,98,98
Kurla,7,39,139,126
Kurla,10,44,74,74
Kurla,7,31,149,133
Kurla,13,33,219,179
Kurla,13,41,198,165
Kurla,13,74,270,220
Kurla,13,74,289,239
Kurla,13,97,171,147
Kurla,5,72,188,159
Kurla,6,72,123,115
Kurla,7,72,112,108
Kurla,13,82,109,106
Kurla,13,116,157,138
Kurla,13,129,170,149
Kurla,13,105,222,181
Kurla,13,49,256,206
Kurla,13,34,207,171
Kurla,13,35,207,171
Kurla,13,31,204,169
Kurla,13,45,286,236
Kurla,13,33,202,168
Kurla,15,33,196,164
Kurla,14,44,247,198
Kurla,13,35,207,171
Kurla,15,76,304,254
Kurla,14,80,312,262
Kurla,16,88,312,262
Kurla,14,79,262,212
Kurla,13,77,277,227
Kurla,13,75,286,236
Kurla,16,84,273,223
Kurla,8,96,326,276
Kurla,5,104,307,257
Kurla,13,105,321,271
Kurla,4,130,320,270
Kurla,6,109,281,231
Kurla,4,120,230,187
Kurla,8,181,311,261
Kurla,19,143,190,163
Kurla,14,91,178,152
Kurla,5,100,226,184
Kurla,7,115,220,180
Kurla,6,95,225,183
Kurla,9,81,226,184
Kurla,9,142,263,213
Kurla,12,154,338,288
Kurla,9,97,243,195
Kurla,6,128,196,164
Kurla,9,137,321,271
Kurla,6,165,341,291
Kurla,14,182,340,290
Kurla,9,172,348,298
Kurla,13,139,305,255
Kurla,5,83,231,187
Kurla,9,117,270,220
Kurla,15,126,318,268
Kurla,11,142,343,293
Kurla,14,119,301,251
Kurla,8,98,266,216
Kurla,9,91,235,190
Kurla,4,72,169,146
Kurla,13,79,160,140
Kurla,11,82,116,111
Kurla,15,181,264,214
Kurla,8,122,237,191
Kurla,13,57,75,75
Kurla,15,51,74,74
Kurla,12,84,98,104
Kurla,9,67,138,125
Kurla,10,66,160,140
Kurla,9,65,313,263
Kurla,10,87,330,280
Kurla,13,65,287,237
Kurla,9,49,235,190
Kurla,9,35,221,181
Kurla,15,41,214,176
Kurla,11,38,249,199
Kurla,11,38,242,195
Kurla,11,36,248,199
Kurla,10,62,267,217
Kurla,12,72,299,249
Kurla,9,40,181,154
Kurla,9,31,175,150
Kurla,11,42,218,179
Kurla,11,46,216,177
Kurla,10,48,176,151
Kurla,11,62,211,174
Kurla,11,63,266,216
Kurla,11,65,275,225
Kurla,12,45,300,250
Kurla,10,34,230,187
Kurla,11,58,309,259
Kurla,10,64,293,243
Kurla,10,65,285,235
Kurla,9,66,260,210
Kurla,10,48,245,197
Kurla,10,40,180,153
Kurla,10,57,251,201
Kurla,10,87,309,259
Kurla,10,79,258,208
Kurla,10,87,292,242
Kurla,10,78,253,203
Kurla,11,97,287,237
Kurla,8,90,292,242
Kurla,8,85,331,281
Kurla,8,48,232,188
Kurla,8,64,329,279
Kurla,8,65,280,230
Kurla,7,63,281,231
Kurla,7,66,279,229
Kurla,7,68,267,217
Kurla,7,69,273,223
Kurla,8,78,303,253
Kurla,8,91,301,251
Kurla,8,88,278,228
Kurla,9,75,306,256
Kurla,10,69,299,249
Kurla,10,71,224,183
Kurla,9,73,198,165
Kurla,8,69,186,157
Kurla,9,67,191,161
Kurla,10,56,229,186
Kurla,9,53,226,184
Kurla,9,56,254,204
Kurla,8,50,233,189
Kurla,10,48,221,181
Kurla,11,34,166,144
Powai,5,38,167,145
Powai,5,34,112,108
Powai,5,38,126,117
Powai,5,43,172,148
Powai,5,53,165,143
Powai,4,42,156,137
Powai,4,58,196,164
Powai,4,42,105,103
Powai,4,50,108,105
Powai,4,39,104,103
Powai,4,42,126,117
Powai,4,44,136,124
Powai,49,49,138,125
Powai,4,46,131,121
Powai,4,42,261,211
Powai,4,33,229,186
Powai,4,31,152,135
Powai,4,12,85,85
Powai,4,31,81,81
Powai,6,20,91,91
Powai,8,38,102,101
Powai,8,38,99,99
Powai,8,35,93,93
Powai,7,30,73,73
Powai,7,36,85,85
Powai,7,33,99,99
Powai,7,33,103,102
Powai,4,16,80,80
Powai,9,41,115,110
Powai,9,27,133,122
Powai,28,27,101,101
Powai,19,25,108,105
Powai,19,28,135,123
Powai,15,31,119,113
Powai,15,33,181,154
Powai,15,30,208,172
Powai,15,26,209,173
Powai,14,27,147,131
Powai,13,31,135,123
Powai,15,30,59,59
Powai,15,34,192,161
Powai,15,29,68,68
Powai,16,28,151,134
Powai,16,27,233,189
Powai,17,28,343,293
Powai,18,27,203,169
Powai,18,24,115,110
Powai,18,23,98,98
Powai,18,24,132,121
Powai,14,24,117,111
Powai,11,16,120,113
Powai,18,29,101,101
Powai,18,22,87,87
Powai,19,27,86,86
Powai,19,24,98,98
Powai,20,25,113,109
Powai,21,27,128,119
Powai,21,25,93,93
Powai,21,27,104,103
Powai,22,27,174,149
Powai,22,26,238,192
Powai,23,27,217,178
Powai,23,28,157,138
Powai,23,27,167,145
Powai,24,26,57,57
Powai,25,27,99,99
Powai,26,24,96,96
Powai,29,26,47,47
Powai,30,25,102,101
Powai,31,23,98,98
Powai,31,24,82,82
Powai,31,23,90,90
Powai,32,22,67,67
Powai,33,28,74,74
Powai,33,26,79,79
Powai,34,26,57,57
Powai,35,16,48,48
Powai,36,28,53,53
Powai,37,29,43,43
Powai,37,27,26,34
Powai,38,30,27,38
Powai,39,43,40,54
Powai,40,37,20,46
Powai,41,44,28,55
Powai,41,41,38,51
Powai,42,39,47,53
Powai,43,37,41,54
Powai,44,38,37,55
Powai,45,40,42,56
Powai,45,44,43,56
Powai,46,40,26,58
Powai,47,47,24,59
Powai,47,48,25,60
Powai,48,52,35,65
Powai,48,36,25,60
Powai,50,46,31,63
Powai,50,41,27,63
Powai,51,39,21,64
Powai,50,43,19,63
Powai,52,55,17,69
Powai,52,38,52,65
Powai,5,37,26,46
Powai,54,29,38,68
Powai,28,32,28,40
Powai,4,27,31,34
Powai,5,31,35,39
Powai,5,28,39,39
Powai,5,19,27,27
Powai,5,30,35,38
Powai,9,34,26,43
Powai,4,46,37,58
Powai,8,47,28,59
Powai,17,59,42,74
Powai,29,45,39,56
Powai,29,43,34,54
Powai,29,40,39,50
Powai,29,43,40,54
Powai,29,42,38,53
Powai,30,59,34,74
Powai,30,50,26,63
Powai,30,61,30,76
Powai,30,60,24,75
Powai,11,35,35,44
Powai,23,55,28,69
Powai,19,33,27,41
Powai,29,34,31,43
Powai,29,33,43,43
Powai,29,35,36,44
Powai,29,35,39,44
Powai,30,40,36,50
Powai,29,30,34,38
Powai,28,37,30,46
Powai,28,38,31,48
Powai,28,34,32,43
Powai,29,40,40,50
Powai,26,32,32,40
Powai,29,32,32,40
Powai,29,32,31,40
Powai,29,34,33,43
Powai,29,41,33,51
Powai,28,49,38,61
Powai,26,49,59,61
Powai,26,47,45,59
Powai,27,59,54,74
Powai,27,47,62,62
Powai,27,42,68,68
Powai,28,41,33,51
Powai,28,43,48,54
Powai,30,52,54,65
Powai,29,42,33,53
Powai,29,37,29,46
Powai,30,40,29,50
Powai,9,28,42,42
Powai,23,44,37,55
Powai,31,46,35,58
Powai,31,51,36,64
Powai,34,54,39,68
Powai,33,48,26,60
Powai,33,46,19,58
Powai,29,40,24,50
Powai,33,35,27,44
Powai,34,40,20,50
Powai,34,43,25,54
Powai,35,37,21,46
Powai,37,54,29,68
Powai,40,63,38,79
Powai,43,63,35,79
Powai,45,65,38,81
Powai,50,71,56,89
Powai,37,50,52,63
Powai,21,44,59,59
Powai,21,53,52,66
Powai,21,36,64,64
Powai,22,53,56,66
Powai,22,49,33,61
Powai,21,35,64,64
Powai,21,46,109,106
Powai,22,50,137,125
Powai,21,44,112,108
Powai,21,46,120,113
Powai,10,46,98,98
Powai,10,43,87,87
Powai,11,44,112,108
Powai,10,42,112,108
Powai,10,43,111,107
Powai,10,45,109,106
Powai,10,42,96,96
Powai,10,45,96,96
Powai,11,50,107,105
Powai,4,30,56,56
Powai,8,45,103,102
Powai,11,51,136,124
Powai,11,50,120,113
Powai,10,41,111,107
Powai,10,41,120,113
Powai,10,37,117,111
Powai,11,47,146,131
Powai,11,49,131,121
Powai,16,97,153,135
Powai,10,42,94,94
Powai,11,41,93,93
Powai,11,55,155,137
Powai,10,50,177,151
Powai,10,38,153,135
Powai,9,40,95,95
Powai,6,77,186,157
Powai,4,46,191,161
Powai,4,44,128,119
Powai,5,49,121,114
Powai,5,54,116,111
Powai,5,40,120,113
Powai,5,43,108,105
Powai,5,43,84,84
Powai,6,53,138,125
Powai,6,55,161,141
Powai,6,51,148,132
Powai,6,48,141,127
Powai,6,50,147,131
Powai,6,46,140,127
Powai,6,47,124,116
Powai,6,56,129,119
Powai,6,55,151,134
Powai,6,46,118,112
Powai,6,40,123,115
Powai,6,42,135,123
Powai,6,49,157,138
Powai,7,48,155,137
Powai,7,55,192,161
Powai,7,46,167,145
Powai,7,44,154,136
Powai,7,40,125,117
Powai,7,39,88,88
Powai,7,46,112,108
Powai,7,60,149,133
Powai,7,45,105,103
Powai,7,42,173,149
Powai,6,38,190,160
Powai,7,44,165,143
Powai,7,53,173,149
Powai,7,49,175,150
Powai,7,58,185,157
Powai,7,54,168,145
Powai,7,50,123,115
Powai,7,53,120,113
Powai,7,38,109,106
Powai,7,42,113,109
Powai,7,38,110,107
Powai,7,40,138,125
Powai,7,41,167,145
Powai,7,48,169,146
Powai,7,71,165,143
Powai,7,56,135,123
Powai,7,37,113,109
Powai,7,42,153,135
Powai,8,38,137,125
Powai,8,38,123,115
Powai,8,43,117,111
Powai,8,51,129,119
Powai,9,41,133,122
Powai,8,41,118,112
Powai,11,119,288,238
Powai,8,49,150,133
Powai,8,48,126,117
Powai,8,40,100,100
Powai,8,43,111,107
Powai,8,34,111,107
Powai,8,53,139,126
Powai,8,54,132,121
Powai,8,51,158,139
Powai,8,43,114,109
Powai,8,51,127,118
Powai,9,60,147,131
Powai,9,52,140,127
Powai,9,44,92,92
Powai,9,49,143,129
Powai,9,52,146,131
Powai,9,49,124,116
Powai,9,54,148,132
Powai,9,49,123,115
Powai,9,53,134,123
Powai,10,53,163,142
Powai,10,59,189,159
Powai,10,67,223,182
Powai,10,51,211,174
Powai,10,47,180,153
Powai,10,39,93,93
Powai,10,46,104,103
Powai,10,46,101,101
Powai,10,43,97,97
Powai,11,56,123,115
Powai,11,54,150,133
Powai,12,54,171,147
Powai,11,56,157,138
Powai,11,52,135,123
Powai,11,44,113,109
Mumbai Airport,12,91,292,242
Mumbai Airport,7,79,118,112
Mumbai Airport,4,69,134,123
Mumbai Airport,9,77,212,175
Mumbai Airport,13,142,214,176
Mumbai Airport,15,163,237,191
Mumbai Airport,12,114,233,189
Mumbai Airport,8,102,122,122
Mumbai Airport,8,105,123,125
Mumbai Airport,6,82,121,114
Mumbai Airport,6,93,146,131
Mumbai Airport,10,107,180,153
Mumbai Airport,11,109,179,153
Mumbai Airport,12,112,170,147
Mumbai Airport,15,119,301,251
Mumbai Airport,11,92,247,198
Mumbai Airport,9,92,204,169
Mumbai Airport,9,92,152,135
Mumbai Airport,9,82,127,118
Mumbai Airport,9,83,121,114
Mumbai Airport,8,87,115,110
Mumbai Airport,7,70,97,97
Mumbai Airport,18,74,88,93
Mumbai Airport,65,86,74,106
Mumbai Airport,54,74,108,105
Mumbai Airport,40,110,138,130
Mumbai Airport,22,110,133,130
Mumbai Airport,15,89,90,109
Mumbai Airport,9,89,87,109
Mumbai Airport,9,73,112,108
Mumbai Airport,8,62,102,101
Mumbai Airport,8,72,93,93
Mumbai Airport,4,76,99,99
Mumbai Airport,11,69,162,141
Mumbai Airport,14,130,171,150
Mumbai Airport,13,92,167,145
Mumbai Airport,7,80,147,131
Mumbai Airport,11,74,100,100
Mumbai Airport,19,96,155,137
Mumbai Airport,8,89,102,109
Mumbai Airport,4,94,124,116
Mumbai Airport,4,107,123,127
Mumbai Airport,11,84,91,104
Mumbai Airport,9,88,84,108
Mumbai Airport,9,73,60,91
Mumbai Airport,21,72,77,90
Mumbai Airport,13,70,94,94
Mumbai Airport,14,80,116,111
Mumbai Airport,13,78,125,117
Mumbai Airport,10,76,200,167
Mumbai Airport,4,82,210,173
Mumbai Airport,4,85,155,137
Mumbai Airport,5,83,116,111
Mumbai Airport,5,83,116,111
Mumbai Airport,13,84,115,110
Mumbai Airport,4,74,112,108
Mumbai Airport,7,78,132,121
Mumbai Airport,10,81,155,137
Mumbai Airport,11,81,114,109
Mumbai Airport,9,86,134,123
Mumbai Airport,9,85,235,190
Mumbai Airport,10,91,307,257
Mumbai Airport,9,87,284,234
Mumbai Airport,9,78,194,163
Mumbai Airport,8,71,150,133
Mumbai Airport,10,72,92,92
Mumbai Airport,8,61,70,76
Mumbai Airport,7,70,82,88
Mumbai Airport,8,81,91,101
Mumbai Airport,10,89,88,109
Mumbai Airport,10,85,78,105
Mumbai Airport,10,83,65,103
Mumbai Airport,9,67,70,84
Mumbai Airport,8,78,89,98
Mumbai Airport,7,82,116,111
Mumbai Airport,7,93,109,113
Mumbai Airport,7,94,109,114
Mumbai Airport,8,94,119,114
Mumbai Airport,7,92,92,112
Mumbai Airport,7,89,83,109
Mumbai Airport,7,83,74,103
Mumbai Airport,7,88,72,108
Mumbai Airport,7,80,46,100
Mumbai Airport,7,82,42,102
Mumbai Airport,8,86,57,106
Mumbai Airport,36,111,22,131
Mumbai Airport,8,92,34,112
Mumbai Airport,7,70,45,88
Mumbai Airport,7,70,62,88
Mumbai Airport,7,69,57,86
Mumbai Airport,8,73,55,91
Mumbai Airport,8,80,58,100
Mumbai Airport,9,83,54,103
Mumbai Airport,9,79,31,99
Mumbai Airport,9,84,56,104
Mumbai Airport,10,86,33,106
Mumbai Airport,10,94,48,114
Mumbai Airport,10,89,51,109
Mumbai Airport,11,64,35,80
Mumbai Airport,10,59,30,74
Mumbai Airport,10,76,28,95
Mumbai Airport,12,107,29,127
Mumbai Airport,12,115,37,135
Mumbai Airport,12,89,75,109
Mumbai Airport,10,62,69,78
Mumbai Airport,12,94,39,114
Mumbai Airport,12,85,35,105
Mumbai Airport,11,86,54,106
Mumbai Airport,12,101,68,121
Mumbai Airport,12,85,61,105
Mumbai Airport,12,81,62,101
Mumbai Airport,11,80,47,100
Mumbai Airport,10,68,78,85
Mumbai Airport,11,43,47,54
Mumbai Airport,9,39,56,56
Mumbai Airport,11,59,55,74
Mumbai Airport,8,73,65,91
Mumbai Airport,8,79,52,99
Mumbai Airport,8,80,57,100
Mumbai Airport,8,95,66,115
Mumbai Airport,8,87,59,107
Mumbai Airport,8,68,48,85
Mumbai Airport,21,11,65,65
Mumbai Airport,8,92,52,112
Mumbai Airport,10,124,90,144
Mumbai Airport,10,110,115,130
Mumbai Airport,9,100,89,120
Mumbai Airport,9,88,87,108
Mumbai Airport,15,87,65,107
Mumbai Airport,30,71,70,89
Mumbai Airport,35,114,62,134
Mumbai Airport,13,16,67,67
Mumbai Airport,18,112,47,132
Mumbai Airport,13,90,33,110
Mumbai Airport,11,97,32,117
Mumbai Airport,9,82,28,102
Mumbai Airport,4,42,36,53
Mumbai Airport,4,47,39,59
Mumbai Airport,5,52,53,65
Mumbai Airport,4,37,47,47
Mumbai Airport,5,50,49,63
Mumbai Airport,5,56,50,70
Mumbai Airport,5,62,46,78
Mumbai Airport,5,56,38,70
Mumbai Airport,4,42,38,53
Mumbai Airport,4,63,40,79
Mumbai Airport,6,96,55,116
Mumbai Airport,5,89,40,109
Mumbai Airport,4,79,45,99
Mumbai Airport,4,88,46,108
Mumbai Airport,5,93,43,113
Mumbai Airport,7,92,46,112
Mumbai Airport,8,95,53,115
Mumbai Airport,9,101,84,121
Mumbai Airport,8,99,108,119
Mumbai Airport,8,99,101,119
Mumbai Airport,6,100,108,120
Mumbai Airport,8,47,118,112
Mumbai Airport,9,42,120,113
Mumbai Airport,5,94,67,114
Mumbai Airport,6,99,99,119
Mumbai Airport,9,111,92,131
Mumbai Airport,9,108,58,128
Mumbai Airport,9,88,67,108
Mumbai Airport,9,93,92,113
Mumbai Airport,9,96,85,116
Mumbai Airport,8,81,50,101
Mumbai Airport,9,88,51,108
Mumbai Airport,7,87,52,107
Mumbai Airport,7,89,61,109
Mumbai Airport,6,98,35,118
Mumbai Airport,8,96,27,116
Mumbai Airport,6,80,24,100
Mumbai Airport,4,58,31,73
Mumbai Airport,6,111,33,131
Mumbai Airport,9,113,31,133
Mumbai Airport,7,88,30,108
Mumbai Airport,8,104,50,124
Mumbai Airport,7,118,62,138
Mumbai Airport,8,132,63,152
Mumbai Airport,8,147,75,167
Mumbai Airport,7,131,74,151
Mumbai Airport,6,105,47,125
Mumbai Airport,6,104,54,124
Mumbai Airport,8,119,111,139
Mumbai Airport,11,158,128,178
Mumbai Airport,11,135,100,155
Mumbai Airport,11,105,118,125
Mumbai Airport,10,105,115,125
Mumbai Airport,10,107,103,127
Mumbai Airport,8,91,130,120
Mumbai Airport,5,97,83,117
Mumbai Airport,12,105,51,125
Mumbai Airport,7,110,35,130
Mumbai Airport,8,102,51,122
Mumbai Airport,7,95,105,115
Mumbai Airport,10,123,94,143
Mumbai Airport,8,124,151,144
Mumbai Airport,7,104,192,161
Mumbai Airport,7,93,104,113
Mumbai Airport,8,102,118,122
Mumbai Airport,9,83,185,157
Mumbai Airport,10,92,200,167
Mumbai Airport,9,92,285,235
Mumbai Airport,9,87,208,172
Mumbai Airport,10,98,257,207
Mumbai Airport,8,110,304,254
Mumbai Airport,7,110,297,247
Mumbai Airport,7,99,251,201
Mumbai Airport,7,103,260,210
Mumbai Airport,6,104,186,157
Mumbai Airport,6,101,241,194
Mumbai Airport,6,91,140,127
Mumbai Airport,7,103,287,237
Mumbai Airport,7,110,180,153
Mumbai Airport,9,142,208,172
Mumbai Airport,9,157,229,186
Mumbai Airport,10,152,229,186
Mumbai Airport,10,144,248,199
Mumbai Airport,10,119,204,169
Mumbai Airport,8,101,169,146
Mumbai Airport,7,98,179,153
Mumbai Airport,7,93,185,157
Mumbai Airport,8,123,224,183
Mumbai Airport,10,148,262,212
Mumbai Airport,11,158,231,187
Mumbai Airport,7,98,136,124
Mumbai Airport,6,97,156,137
Mumbai Airport,6,81,147,131
Mumbai Airport,4,91,164,143
Mumbai Airport,9,114,212,175
Mumbai Airport,6,122,239,193
Mumbai Airport,8,157,277,227
Mumbai Airport,8,146,271,221
Mumbai Airport,9,135,274,224
Mumbai Airport,9,138,251,201
Mumbai Airport,10,156,206,176
Mumbai Airport,10,154,218,179
Mumbai Airport,8,134,240,193
Mumbai Airport,7,125,299,249
Mumbai Airport,4,131,263,213
Mumbai Airport,9,160,258,208
Mumbai Airport,8,144,253,203
Mumbai Airport,9,121,287,237
Mumbai Airport,7,118,274,224
Mumbai Airport,8,142,236,191
Mumbai Airport,4,133,195,163
Mumbai Airport,6,163,215,183
Mumbai Airport,11,106,177,151
Mumbai Airport,10,105,156,137
Mumbai Airport,13,107,136,127
Mumbai Airport,4,116,160,140
Mumbai Airport,9,111,178,152
Mumbai Airport,8,91,154,136
Mumbai Airport,7,98,174,149
Mumbai Airport,8,120,191,161
Mumbai Airport,8,119,211,174
Mumbai Airport,8,143,260,210
Mumbai Airport,11,133,251,201
Mumbai Airport,12,103,193,162
Mumbai Airport,7,123,206,171
Mumbai Airport,7,124,229,186
Mumbai Airport,8,151,247,198
Mumbai Airport,12,165,252,202
Mumbai Airport,9,131,261,211
Mumbai Airport,5,143,219,179
Mumbai Airport,9,103,168,145
Mumbai Airport,13,131,223,182
Mumbai Airport,9,136,252,202
Mumbai Airport,4,126,255,205
Mumbai Airport,8,116,252,202
Mumbai Airport,13,167,239,193
Mumbai Airport,9,134,213,175
Mumbai Airport,5,112,185,157
Mumbai Airport,6,119,152,139
Mumbai Airport,9,118,197,165
Mumbai Airport,14,162,256,206
Mumbai Airport,17,143,199,166
Mumbai Airport,8,86,246,197
Mumbai Airport,17,85,266,216
Mumbai Airport,12,106,246,197
Mumbai Airport,15,121,256,206
Mumbai Airport,14,136,299,249
Mumbai Airport,13,138,299,249
Mumbai Airport,18,193,323,273
Mumbai Airport,10,155,226,184
Mumbai Airport,17,174,194,194
Mumbai Airport,15,169,181,189
Mumbai Airport,8,188,192,208
Mumbai Airport,13,181,205,201
Mumbai Airport,16,161,234,189
Mumbai Airport,15,156,259,209
Mumbai Airport,15,153,269,219
Mumbai Airport,15,68,247,198
Mumbai Airport,14,25,171,147
Mumbai Airport,10,95,184,156
Mumbai Airport,12,197,229,217
Mumbai Airport,15,183,193,203
Mumbai Airport,13,110,182,155
Mumbai Airport,12,105,219,179
Mumbai Airport,11,112,258,208
Mumbai Airport,12,115,253,203
Mumbai Airport,11,44,226,184
Mumbai Airport,10,96,209,173
Mumbai Airport,10,169,288,238
Mumbai Airport,10,119,232,188
Mumbai Airport,11,121,192,161
Mumbai Airport,10,122,203,169
Mumbai Airport,11,98,168,145
Mumbai Airport,11,111,220,180
Mumbai Airport,10,119,257,207
Mumbai Airport,11,102,248,199
Mumbai Airport,10,103,264,214
Mumbai Airport,9,99,241,194
Mumbai Airport,8,99,266,216
Mumbai Airport,8,96,242,195
Mumbai Airport,8,98,246,197
Mumbai Airport,9,95,180,153
Mumbai Airport,9,110,254,204
Mumbai Airport,8,118,281,231
Mumbai Airport,7,116,265,215
Mumbai Airport,8,117,265,215
Mumbai Airport,9,115,246,197
Mumbai Airport,9,105,244,196
Mumbai Airport,8,104,285,235
Mumbai Airport,9,101,299,249
Mumbai Airport,9,99,270,220
Mumbai Airport,9,101,298,248
Mumbai Airport,9,151,301,251
Mumbai Airport,8,112,133,132
Mumbai Airport,8,172,156,192
Mumbai Airport,8,142,163,162
Mumbai Airport,9,215,200,235
Mumbai Airport,9,214,217,234
Mumbai Airport,12,165,221,185
Mumbai Airport,11,136,204,169
Mumbai Airport,11,144,192,164
Mumbai Airport,9,117,148,137
Colaba,26,22,133,122
Colaba,39,20,86,86
Colaba,39,17,103,102
Colaba,37,26,165,143
Colaba,40,28,141,127
Colaba,36,45,178,152
Colaba,22,23,161,141
Colaba,20,37,116,111
Colaba,17,21,92,92
Colaba,17,24,101,101
Colaba,15,18,97,97
Colaba,22,22,113,109
Colaba,39,17,103,102
Colaba,11,19,116,111
Colaba,10,28,285,235
Colaba,22,60,182,155
Colaba,16,15,133,122
Colaba,9,14,98,98
Colaba,10,13,91,91
Colaba,12,17,79,79
Colaba,12,15,81,81
Colaba,10,14,63,63
Colaba,13,52,150,133
Colaba,35,15,67,67
Colaba,14,32,98,98
Colaba,16,30,111,107
Colaba,12,14,70,70
Colaba,10,13,73,73
Colaba,8,15,88,88
Colaba,6,12,77,77
Colaba,15,13,72,72
Colaba,13,14,84,84
Colaba,16,38,117,111
Colaba,16,38,117,111
Colaba,16,18,117,111
Colaba,17,23,134,123
Colaba,12,14,83,83
Colaba,15,29,111,107
Colaba,19,19,69,69
Colaba,21,27,83,83
Colaba,19,21,82,82
Colaba,20,17,67,67
Colaba,22,25,60,60
Colaba,22,19,47,47
Colaba,20,19,58,58
Colaba,12,15,80,80
Colaba,15,19,99,99
Colaba,13,16,97,97
Colaba,11,17,167,145
Colaba,9,12,188,159
Colaba,13,23,121,114
Colaba,13,16,97,97
Colaba,16,16,91,91
Colaba,22,17,99,99
Colaba,21,14,95,95
Colaba,12,15,109,106
Colaba,20,16,132,121
Colaba,14,16,96,96
Colaba,23,14,109,106
Colaba,16,17,200,167
Colaba,16,17,271,221
Colaba,13,17,252,202
Colaba,8,16,173,149
Colaba,8,14,123,115
Colaba,14,17,77,77
Colaba,10,17,59,59
Colaba,8,17,66,66
Colaba,9,17,71,71
Colaba,9,17,72,72
Colaba,9,17,57,57
Colaba,9,18,49,49
Colaba,9,17,58,58
Colaba,8,18,58,58
Colaba,7,15,89,89
Colaba,7,16,98,98
Colaba,8,16,93,93
Colaba,8,16,71,71
Colaba,8,16,69,69
Colaba,9,15,49,49
Colaba,10,18,37,37
Colaba,36,20,26,29
Colaba,36,16,37,37
Colaba,26,16,22,22
Colaba,28,14,16,22
Colaba,28,14,15,22
Colaba,28,15,16,22
Colaba,22,21,36,36
Colaba,34,22,78,78
Colaba,25,16,42,42
Colaba,29,22,37,37
Colaba,23,17,41,41
Colaba,21,17,55,55
Colaba,21,16,64,64
Colaba,45,26,60,60
Colaba,44,21,59,59
Colaba,21,17,55,55
Colaba,34,27,51,51
Colaba,39,29,49,49
Colaba,34,27,51,51
Colaba,16,30,56,56
Colaba,56,9,47,70
Colaba,54,23,42,68
Colaba,75,30,50,94
Colaba,75,12,54,94
Colaba,17,13,39,39
Colaba,12,22,35,35
Colaba,23,31,47,47
Colaba,15,23,43,43
Colaba,17,22,38,38
Colaba,10,23,39,39
Colaba,21,16,64,64
Colaba,17,25,29,31
Colaba,13,30,37,38
Colaba,38,28,45,45
Colaba,24,24,39,39
Colaba,20,24,46,46
Colaba,18,22,43,43
Colaba,13,23,50,50
Colaba,24,31,36,39
Colaba,14,26,30,33
Colaba,15,27,25,34
Colaba,21,19,40,40
Colaba,21,25,36,36
Colaba,8,21,21,26
Colaba,10,18,40,40
Colaba,12,17,45,45
Colaba,4,15,53,53
Colaba,16,15,49,49
Colaba,29,19,44,44
Colaba,13,22,38,38
Colaba,19,23,37,37
Colaba,13,22,32,32
Colaba,10,24,34,34
Colaba,21,22,36,36
Colaba,25,25,35,35
Colaba,24,32,32,40
Colaba,16,25,35,35
Colaba,18,23,35,35
Colaba,21,22,25,28
Colaba,16,23,32,32
Colaba,10,23,38,38
Colaba,25,21,56,56
Colaba,15,14,65,65
Colaba,16,17,54,54
Colaba,4,28,48,48
Colaba,15,24,73,73
Colaba,13,15,70,70
Colaba,18,35,30,44
Colaba,19,27,69,69
Colaba,27,16,67,67
Colaba,25,16,42,42
Colaba,18,34,55,55
Colaba,18,22,33,33
Colaba,10,38,48,48
Colaba,16,26,34,34
Colaba,10,29,31,36
Colaba,13,23,22,29
Colaba,10,24,33,33
Colaba,23,14,20,20
Colaba,21,23,20,29
Colaba,11,29,48,48
Colaba,22,9,29,29
Colaba,10,9,29,29
Colaba,21,10,34,34
Colaba,12,13,31,31
Colaba,21,13,37,37
Colaba,33,15,38,38
Colaba,21,22,39,39
Colaba,11,12,36,36
Colaba,18,37,32,46
Colaba,18,34,39,43
Colaba,14,28,48,48
Colaba,75,30,50,94
Colaba,18,75,51,94
Colaba,19,39,56,56
Colaba,10,17,55,55
Colaba,19,18,50,50
Colaba,18,12,24,24
Colaba,15,13,23,23
Colaba,18,14,24,24
Colaba,22,29,46,46
Colaba,33,15,44,44
Colaba,19,66,83,83
Colaba,7,60,82,82
Colaba,5,48,97,97
Colaba,5,38,78,78
Colaba,8,25,40,40
Colaba,7,33,51,51
Colaba,15,15,64,64
Colaba,4,32,64,64
Colaba,5,48,106,104
Colaba,6,50,145,130
Colaba,6,38,150,133
Colaba,6,63,148,132
Colaba,6,63,146,131
Colaba,6,74,148,132
Colaba,6,88,149,133
Colaba,5,66,112,108
Colaba,6,65,130,120
Colaba,6,71,155,137
Colaba,7,60,143,129
Colaba,8,74,146,131
Colaba,10,88,154,136
Colaba,11,109,138,129
Colaba,13,106,144,129
Colaba,16,51,153,135
Colaba,20,112,181,154
Colaba,22,125,179,153
Colaba,18,66,149,133
Colaba,16,168,144,188
Colaba,15,141,147,161
Colaba,16,29,192,161
Colaba,23,31,206,171
Colaba,16,34,178,152
Colaba,16,97,153,135
Colaba,15,55,114,109
Colaba,14,22,130,120
Colaba,14,23,134,123
Colaba,13,25,117,111
Colaba,12,27,140,127
Colaba,14,31,155,137
Colaba,13,52,171,147
Colaba,13,50,209,173
Colaba,16,16,211,174
Colaba,19,23,205,170
Colaba,19,16,140,127
Colaba,23,27,176,151
Colaba,20,23,110,107
Colaba,18,12,135,123
Colaba,18,21,166,144
Colaba,20,21,142,128
Colaba,22,55,132,121
Colaba,24,16,127,118
Colaba,19,27,119,113
Colaba,30,66,134,123
Colaba,27,28,145,130
Colaba,27,22,159,139
Colaba,13,49,220,180
Colaba,27,27,206,171
Colaba,17,32,197,165
Colaba,19,20,221,181
Colaba,16,34,199,166
Colaba,19,59,189,159
Colaba,16,35,127,118
Colaba,16,47,154,136
Colaba,17,52,174,149
Colaba,20,23,165,143
Colaba,18,45,203,169
Colaba,18,54,222,181
Colaba,18,55,205,170
Colaba,19,35,196,164
Colaba,18,66,149,133
Colaba,19,32,185,157
Colaba,27,28,145,130
Colaba,17,34,272,222
Colaba,24,43,196,164
Colaba,22,37,219,179
Colaba,22,11,197,165
Colaba,24,16,127,118
Colaba,23,31,206,171
Colaba,17,25,165,143
Colaba,20,24,146,131
Colaba,20,25,117,111
Colaba,14,23,135,123
Colaba,17,36,158,139
Colaba,18,20,180,153
Colaba,22,41,142,128
Colaba,18,21,166,144
Colaba,27,28,145,130
Colaba,18,55,205,170
Colaba,22,55,132,121
Colaba,14,23,135,123
Colaba,21,19,165,143
Colaba,22,26,183,155
Colaba,20,31,135,123
Colaba,8,16,173,149
Colaba,18,47,185,157
Colaba,22,34,197,165
Colaba,19,18,147,131
Colaba,23,23,120,113
Colaba,24,36,140,127
Colaba,23,36,178,152
Colaba,27,45,179,153
Colaba,9,34,92,92
Colaba,20,25,117,111
Colaba,23,31,206,171
Colaba,26,35,128,119
Colaba,26,37,196,164
Colaba,19,20,121,114
Colaba,27,52,193,162
Colaba,24,34,197,165
Colaba,24,32,203,169
Colaba,27,23,199,166
Colaba,27,35,234,189
Colaba,26,35,128,119
Colaba,24,36,140,127
Colaba,18,28,162,141
Colaba,17,43,112,108
Colaba,17,45,187,158
Sion,13,80,124,116
Sion,12,65,68,81
Sion,11,57,81,81
Sion,11,69,111,107
Sion,10,82,120,113
Sion,13,103,130,123
Sion,9,98,136,124
Sion,11,72,78,90
Sion,13,66,63,83
Sion,12,76,86,95
Sion,13,55,70,70
Sion,12,79,91,99
Sion,14,77,91,96
Sion,10,91,121,114
Sion,10,81,168,145
Sion,13,62,134,123
Sion,11,56,131,121
Sion,10,47,88,88
Sion,10,53,81,81
Sion,11,57,67,71
Sion,12,55,76,76
Sion,11,47,63,63
Sion,11,32,48,48
Sion,9,32,45,45
Sion,10,42,54,54
Sion,10,67,94,94
Sion,10,79,87,99
Sion,9,52,59,65
Sion,9,41,57,57
Sion,10,64,77,80
Sion,10,43,64,64
Sion,10,60,68,75
Sion,13,44,66,66
Sion,12,54,69,69
Sion,14,67,109,106
Sion,11,59,103,102
Sion,12,54,90,90
Sion,11,45,65,65
Sion,11,91,101,111
Sion,11,68,86,86
Sion,9,78,118,112
Sion,11,67,110,107
Sion,12,35,74,74
Sion,9,50,71,71
Sion,10,31,52,52
Sion,12,29,57,57
Sion,10,45,72,72
Sion,11,46,83,83
Sion,13,49,109,106
Sion,11,43,136,124
Sion,10,48,135,123
Sion,11,64,109,106
Sion,12,42,71,71
Sion,11,38,69,69
Sion,13,29,74,74
Sion,13,20,75,75
Sion,11,19,85,85
Sion,12,18,97,97
Sion,10,22,75,75
Sion,14,35,78,78
Sion,13,36,155,137
Sion,11,27,128,119
Sion,12,31,199,166
Sion,10,18,122,115
Sion,12,18,82,82
Sion,10,23,54,54
Sion,9,15,41,41
Sion,10,18,45,45
Sion,12,30,63,63
Sion,13,21,51,51
Sion,13,21,56,56
Sion,10,21,58,58
Sion,12,22,59,59
Sion,14,27,63,63
Sion,13,31,62,62
Sion,11,31,75,75
Sion,11,33,82,82
Sion,14,32,57,57
Sion,15,27,43,43
Sion,12,24,54,54
Sion,14,31,50,50
Sion,15,24,32,32
Sion,4,26,30,33
Sion,4,38,40,48
Sion,4,31,12,39
Sion,4,21,12,26
Sion,14,21,36,36
Sion,46,19,41,58
Sion,40,20,35,35
Sion,46,42,35,58
Sion,51,28,37,64
Sion,49,26,35,61
Sion,45,27,16,56
Sion,45,29,13,56
Sion,48,34,14,60
Sion,47,52,31,65
Sion,43,25,13,54
Sion,12,43,22,54
Sion,11,51,14,64
Sion,12,30,18,38
Sion,10,34,32,43
Sion,12,39,34,49
Sion,14,39,20,49
Sion,11,28,33,35
Sion,12,37,30,46
Sion,13,22,25,28
Sion,10,21,37,37
Sion,11,21,51,51
Sion,13,18,42,42
Sion,10,17,38,38
Sion,14,26,43,43
Sion,12,24,44,44
Sion,12,26,36,36
Sion,12,35,94,94
Sion,14,34,41,43
Sion,12,24,38,38
Sion,14,19,30,30
Sion,12,21,31,31
Sion,15,31,33,39
Sion,11,66,33,83
Sion,10,79,73,99
Sion,12,50,63,63
Sion,14,36,51,51
Sion,13,29,50,50
Sion,14,30,45,45
Sion,15,33,49,49
Sion,14,54,42,68
Sion,10,40,34,50
Sion,12,40,34,50
Sion,12,25,21,31
Sion,12,46,23,58
Sion,10,35,17,44
Sion,9,18,26,26
Sion,11,15,30,30
Sion,9,14,38,38
Sion,11,14,31,31
Sion,11,18,34,34
Sion,12,19,32,32
Sion,12,16,30,30
Sion,10,18,26,26
Sion,13,19,29,29
Sion,11,20,32,32
Sion,11,25,30,31
Sion,12,31,30,39
Sion,10,20,35,35
Sion,11,21,33,33
Sion,9,18,30,30
Sion,13,23,30,30
Sion,11,28,31,35
Sion,10,46,47,58
Sion,10,45,70,70
Sion,12,50,59,63
Sion,14,60,55,75
Sion,12,68,90,90
Sion,15,43,71,71
Sion,15,55,41,69
Sion,13,72,83,90
Sion,12,53,72,72
Sion,13,57,33,71
Sion,10,52,34,65
Sion,10,59,48,74
Sion,11,58,46,73
Sion,12,71,29,89
Sion,14,66,35,83
Sion,12,49,22,61
Sion,11,58,17,73
Sion,13,27,17,34
Sion,13,29,19,36
Sion,13,49,22,61
Sion,10,44,19,55
Sion,12,54,17,68
Sion,14,71,31,89
Sion,14,87,51,107
Sion,11,79,45,99
Sion,11,94,53,114
Sion,11,84,61,104
Sion,12,70,29,88
Sion,12,73,32,91
Sion,13,74,66,93
Sion,14,67,108,105
Sion,13,84,78,104
Sion,14,99,86,119
Sion,14,71,72,89
Sion,16,60,57,75
Sion,12,95,58,115
Sion,12,93,85,113
Sion,15,83,91,103
Sion,11,82,114,109
Sion,12,75,93,94
Sion,12,72,71,90
Sion,12,74,62,93
Sion,12,79,85,99
Sion,12,90,106,110
Sion,11,99,93,119
Sion,11,117,155,137
Sion,10,123,171,147
Sion,11,132,239,193
Sion,12,148,196,168
Sion,11,142,169,162
Sion,11,127,156,147
Sion,10,117,139,137
Sion,9,100,118,120
Sion,10,132,137,152
Sion,10,173,173,193
Sion,16,28,186,157
Sion,17,78,178,152
Sion,17,64,182,155
Sion,15,125,196,164
Sion,11,95,185,157
Sion,22,111,219,179
Sion,35,179,244,199
Sion,34,195,252,215
Sion,34,172,239,193
Sion,31,142,198,165
Sion,30,113,180,153
Sion,30,89,155,137
Sion,32,137,220,180
Sion,30,171,273,223
Sion,28,176,232,196
Sion,24,133,141,153
Sion,23,97,171,147
Sion,24,127,160,147
Sion,23,89,144,129
Sion,23,98,196,164
Sion,24,120,218,179
Sion,26,173,272,222
Sion,26,130,256,206
Sion,28,161,312,262
Sion,28,170,289,239
Sion,26,220,247,240
Sion,24,120,218,179
Sion,26,176,383,341
Sion,12,100,134,123
Sion,25,120,279,229
Sion,27,123,308,258
Sion,25,75,325,275
Sion,24,132,331,281
Sion,26,148,315,265
Sion,24,104,208,172
Sion,24,178,279,229
Sion,24,157,244,196
Sion,23,107,194,163
Sion,22,109,188,159
Sion,21,121,155,141
Sion,22,184,199,204
Sion,22,220,196,240
Sion,23,185,235,205
Sion,22,188,160,208
Sion,21,159,207,179
Sion,22,131,308,258
Sion,21,159,329,279
Sion,22,131,275,225
Sion,21,159,210,179
Sion,27,66,245,197
Sion,28,229,257,249
Sion,28,66,301,251
Sion,29,203,291,241
Sion,28,255,318,275
Sion,27,157,277,227
Sion,28,157,246,197
Sion,29,229,164,249
Sion,29,229,247,249
Sion,27,157,264,214
Sion,28,123,220,180
Sion,27,157,203,177
Sion,27,204,154,224
Sion,27,199,189,219
Sion,22,199,218,219
Sion,22,97,186,157
Sion,24,97,213,175
Sion,22,35,206,171
Sion,30,92,275,225
Sion,27,76,270,220
Sion,26,106,343,293
Sion,23,96,229,186
Sion,27,85,181,154
Sion,28,53,136,124
Sion,27,108,162,141
Sion,24,90,165,143
Sion,23,105,178,152
Sion,26,102,198,165
Sion,27,131,227,185
Sion,31,129,239,193
Sion,33,121,140,141
Sion,27,62,185,157
Sion,25,65,170,147
Sion,19,61,236,191
Sion,21,63,251,201
Sion,22,102,233,189
Sion,20,96,176,151
Sion,18,26,149,133
Sion,16,52,231,187
Sion,15,66,273,223
Sion,15,64,146,131
Sion,15,64,146,131
Sion,12,41,110,107
Sion,11,122,147,142
Sion,19,74,266,216
Sion,17,78,221,181
Sion,15,78,231,187
Sion,13,84,226,184
Sion,12,76,166,144
Sion,13,78,212,175
Sion,13,82,270,220
Sion,12,85,247,198
Worli,35,57,131,121
Worli,32,58,97,97
Worli,32,52,118,112
Worli,32,80,173,149
Worli,33,85,149,133
Worli,34,104,173,149
Worli,35,112,180,153
Worli,33,97,99,117
Worli,33,109,93,129
Worli,34,115,101,135
Worli,37,108,114,128
Worli,39,98,117,118
Worli,40,75,119,113
Worli,30,66,126,117
Worli,28,76,293,243
Worli,31,78,240,193
Worli,27,90,290,240
Worli,29,81,147,131
Worli,30,74,115,110
Worli,28,90,93,110
Worli,23,60,78,78
Worli,25,56,74,74
Worli,26,67,63,84
Worli,23,60,42,75
Worli,27,79,52,99
Worli,28,76,87,95
Worli,22,58,91,91
Worli,27,65,71,81
Worli,30,62,71,78
Worli,21,59,90,90
Worli,27,24,77,77
Worli,29,32,72,72
Worli,22,9,84,84
Worli,43,39,78,78
Worli,48,39,115,110
Worli,37,33,131,121
Worli,17,29,121,114
Worli,15,22,81,81
Worli,16,28,96,96
Worli,15,24,66,66
Worli,15,27,69,69
Worli,13,29,79,79
Worli,19,32,60,60
Worli,25,68,51,85
Worli,23,75,37,94
Worli,26,96,59,116
Worli,26,97,60,117
Worli,28,86,100,106
Worli,19,91,99,111
Worli,19,21,82,82
Worli,24,73,172,148
Worli,32,162,123,182
Worli,34,179,99,199
Worli,34,159,93,179
Worli,34,172,99,192
Worli,25,86,98,106
Worli,26,97,60,117
Worli,26,97,60,117
Worli,43,39,78,78
Worli,33,62,107,105
Worli,26,97,60,117
Worli,19,32,173,149
Worli,9,132,227,185
Worli,25,59,139,126
Worli,35,23,129,119
Worli,29,20,73,73
Worli,14,19,52,52
Worli,19,25,80,80
Worli,19,29,79,79
Worli,30,31,78,78
Worli,21,16,66,66
Worli,19,18,54,54
Worli,16,22,64,64
Worli,22,27,75,75
Worli,30,9,97,97
Worli,28,22,92,92
Worli,26,20,99,99
Worli,14,9,67,67
Worli,30,9,54,54
Worli,25,12,40,40
Worli,27,9,37,37
Worli,27,9,23,23
Worli,26,9,28,28
Worli,23,9,31,31
Worli,25,9,42,42
Worli,24,9,45,45
Worli,24,9,38,38
Worli,26,9,48,48
Worli,26,9,34,34
Worli,24,9,21,21
Worli,23,9,9,18
Worli,25,9,21,21
Worli,23,9,31,31
Worli,24,9,21,21
Worli,22,25,24,31
Worli,25,22,86,86
Worli,23,20,74,74
Worli,22,25,59,59
Worli,22,25,41,41
Worli,14,21,50,50
Worli,4,24,76,76
Worli,5,30,83,83
Worli,4,30,46,46
Worli,5,30,43,43
Worli,4,31,45,45
Worli,5,25,56,56
Worli,6,23,47,47
Worli,5,26,52,52
Worli,4,24,63,63
Worli,4,22,42,42
Worli,4,26,42,42
Worli,4,25,34,34
Worli,4,38,38,48
Worli,6,98,44,118
Worli,7,111,49,131
Worli,8,135,46,155
Worli,9,130,43,150
Worli,8,151,45,171
Worli,8,178,36,198
Worli,10,189,41,209
Worli,10,200,35,220
Worli,11,141,50,161
Worli,9,53,21,66
Worli,9,30,17,38
Worli,8,47,19,59
Worli,4,19,38,38
Worli,4,9,44,44
Worli,4,16,55,55
Worli,4,11,35,35
Worli,4,21,45,45
Worli,12,22,35,35
Worli,12,17,36,36
Worli,4,18,65,65
Worli,4,24,41,41
Worli,12,24,37,37
Worli,12,23,40,40
Worli,8,29,40,40
Worli,4,44,47,55
Worli,4,15,45,45
Worli,4,35,40,44
Worli,4,33,47,47
Worli,4,55,66,69
Worli,11,95,56,115
Worli,6,135,56,155
Worli,7,144,71,164
Worli,7,163,51,183
Worli,7,162,75,182
Worli,8,226,74,246
Worli,8,185,47,205
Worli,11,50,65,65
Worli,8,159,51,179
Worli,10,233,39,253
Worli,10,237,38,257
Worli,9,200,38,220
Worli,10,241,49,261
Worli,19,33,39,41
Worli,9,190,43,210
Worli,8,170,36,190
Worli,10,205,43,225
Worli,8,162,24,182
Worli,6,124,23,144
Worli,24,55,26,69
Worli,13,23,31,31
Worli,10,30,34,38
Worli,10,28,36,36
Worli,25,51,44,64
Worli,8,56,39,70
Worli,18,22,51,51
Worli,25,67,60,84
Worli,10,64,59,80
Worli,13,21,192,161
Worli,13,25,159,139
Worli,13,23,140,127
Worli,14,22,139,126
Worli,13,23,125,117
Worli,12,23,112,108
Worli,12,17,130,120
Worli,17,43,145,130
Worli,17,46,132,121
Worli,21,38,150,133
Worli,21,49,148,132
Worli,20,31,162,141
Worli,20,38,170,147
Worli,22,38,170,147
Worli,19,56,143,129
Worli,19,35,132,121
Worli,16,24,141,127
Worli,17,46,171,147
Worli,18,30,205,170
Worli,20,36,161,141
Worli,20,31,138,125
Worli,17,20,98,98
Worli,17,30,118,112
Worli,13,23,120,113
Worli,20,39,151,134
Worli,21,39,173,149
Worli,22,11,197,165
Worli,19,50,218,179
Worli,17,30,205,170
Worli,19,31,147,131
Worli,24,43,196,164
Worli,22,37,219,179
Worli,18,23,208,172
Worli,17,50,231,187
Worli,22,11,197,165
Worli,17,31,203,169
Worli,10,55,168,145
Worli,18,30,178,152
Worli,19,59,140,127
Worli,16,25,116,111
Worli,16,25,96,96
Worli,15,44,103,102
Worli,20,25,135,123
Worli,18,36,181,154
Worli,25,42,143,129
Worli,26,30,124,116
Worli,32,39,147,131
Worli,18,30,205,170
Worli,22,30,205,170
Worli,22,26,191,161
Worli,38,36,149,133
Worli,29,36,162,141
Worli,39,52,201,167
Worli,20,25,220,180
Worli,27,45,179,153
Worli,27,27,155,137
Worli,38,25,106,104
Worli,27,55,147,131
Worli,24,35,169,146
Worli,27,28,130,120
Worli,27,52,193,162
Worli,26,37,196,164
Worli,22,42,175,150
Worli,13,50,210,173
Worli,11,15,141,127
Worli,36,52,201,167
Worli,9,23,97,97
Worli,16,25,74,74
Worli,9,26,57,57
Worli,16,33,70,70
Worli,12,59,80,80
Worli,11,24,92,92
Worli,11,26,116,111
Worli,22,55,132,121
Worli,18,52,174,149
Worli,16,35,127,118
Worli,12,40,91,91
Worli,22,26,191,161
Worli,25,42,143,129
Worli,9,34,92,92
Worli,19,50,96,96
Worli,9,28,103,102
Worli,26,37,74,74
Worli,9,34,123,115
Worli,26,37,196,164
Worli,27,52,194,163
Worli,20,18,117,111
Worli,14,31,155,137
Worli,11,15,141,127
Worli,22,26,183,155
Worli,19,40,144,129
Worli,17,41,138,125
Worli,18,23,110,107
Worli,19,18,147,131
Worli,9,34,92,92
Worli,9,23,97,97
Worli,15,23,109,106
Worli,12,59,80,80
Worli,17,25,165,143
Worli,17,34,272,222
Worli,19,38,153,135
Worli,12,48,72,72
Worli,26,35,128,119
